
{
  "name": "auete影视",
  "qishiye": "空",
  "url": "https://auete.com",
  "ua": "Mozilla/5.0 (Windows NT 10.0; Win64; x64) AppleWebKit/537.36 (KHTML, like Gecko) Chrome/58.0.3029.110 Safari/537.3",
  "shouye": "0",
  "fenlei": "电影$/Movie/index#电视剧$/Tv/index#综艺$/Zy/index#动漫$/Dm/index#国产$/Tv/neidi/index#港剧$/Tv/tvbgj/index#美剧$/Tv/oumei/index#韩剧$/Tv/hanju/index#网剧$/Tv/wangju/index#国漫$/Dm/guoman/index#日漫$/Dm/riman/index#国综$/Zy/guozong/index#喜剧片$/Movie/xjp/index#动作片$/Movie/dzp/index#爱情片$/Movie/aqp/index#科幻片$/Movie/khp/index#恐怖片$/Movie/kbp/index#惊悚片$/Movie/jsp/index#战争片$/Movie/zzp/index#剧情片$/Movie/jqp/index",
  "houzhui": ".html",
  "shifouercijiequ": "0",
  "jiequqian": "<ul class=\"threadlist\">",
  "jiequhou": "</ul>",
  "jiequshuzuqian": "<li class=\"",
  "jiequshuzuhou": "</li>",
  "tupianqian": "<img src=\"",
  "tupianhou": "\"",
  "biaotiqian": "title=\"",
  "biaotihou": "\"",
  "lianjieqian": "<a href=\"",
  "lianjiehou": "\"",
  "fubiaotiqian": "<button class=\"hdtag\">",
  "fubiaotihou": "</button>",
  "sousuoqian": "/auete3so.php?searchword=",
  "sousuohou": "",
  "sousuohouzhui": "/vod/detail/id/",
  "ssmoshi": "1",
  "sousuoshifouercijiequ": "0",
  "jspic": "pic",
  "jsname": "name",
  "jsid": "id",
  "ssjiequqian": "myui-vodlist__media clearfix",
  "ssjiequhou": "myui-page text-center clearfix",
  "ssjiequshuzuqian": "<li class=\"clearfix\">",
  "ssjiequshuzuhou": "</li>",
  "sstupianqian": "data-original=\"",
  "sstupianhou": "\"",
  "ssfubiaotiqian": "background-color: #ff9900;\">",
  "ssfubiaotihou": "</span>",
  "ssbiaotiqian": "title=\"",
  "ssbiaotihou": "\"",
  "sslianjieqian": "href=\"",
  "sslianjiehou": "\"",
  "bfshifouercijiequ": "0",
  "bfjiequqian": "空",
  "bfjiequhou": "空",
  "bfjiequshuzuqian": "<div id=\"player_list\"",
  "bfjiequshuzuhou": "</div>",
  "zhuangtaiqian": "影片备注: ",
  "zhuangtaihou": "</p>",
  "leixinqian": "影片分类:",
  "leixinhou": "</p>",
  "niandaiqian": "上映年份: ",
  "niandaihou": "</p>",
  "diquqian": "影片地区: ",
  "diquhou": "</p>",
  "daoyanqian": "影片导演: ",
  "daoyanhou": "</p>",
  "zhuyanqian": "影片主演:",
  "zhuyanhou": "</p>",
  "juqingqian": "影片简介: </p>",
  "juqinghou": "</p>",
  "bfyshifouercijiequ": "0",
  "bfyjiequqian": "空",
  "bfyjiequhou": "空",
  "bfyjiequshuzuqian": "<a",
  "bfyjiequshuzuhou": "/a>",
  "bfbiaotiqian": ">",
  "bfbiaotihou": "<",
  "bflianjieqian": "href=\"",
  "bflianjiehou": "\""
}
