{
  "name": "NT动漫",
  "url": "https://www.ntdm9.com",
  "ua": "Mozilla/5.0 (Windows NT 10.0; Win64; x64) AppleWebKit/537.36 (KHTML, like Gecko) Chrome/58.0.3029.110 Safari/537.3",
  "shouye": "0",
  "fenlei": "中国动漫$/type/zhongguo-#日本动漫$/type/riben-#欧美动漫$/type/omei-",
  "houzhui": ".html",
  "shifouercijiequ": "0",
  "jiequqian": "<div class=\"blockcontent1\">",
  "jiequhou": "<div style=\"",
  "jiequshuzuqian": "<div class=\"cell blockdif2\">",
  "jiequshuzuhou": ">在线播放",
  "tupianqian": "src=\"",
  "tupianhou": "\"",
  "biaotiqian": "alt=\"",
  "biaotihou": "\"",
  "lianjieqian": "<a href=\"",
  "lianjiehou": "\"",
  "fubiaotiqian": "<span class=\"newname\">",
  "fubiaotihou": "</span>",
  "sousuoqian": "/search/-------------.html?wd=",
  "sousuohou": "&page=1",
  "sousuohouzhui": "",
  "ssmoshi": "1",
  "sousuoshifouercijiequ": "0",
  "jspic": "pic",
  "jsname": "name",
  "jsid": "id",
  "ssjiequqian": "<div class=\"blockcontent1\">",
  "ssjiequhou": "<div class=\"blockcontent\">",
  "ssjiequshuzuqian": "<div class=\"cell blockdif2\">",
  "ssjiequshuzuhou": ">在线播放",
  "sstupianqian": "src=\"",
  "sstupianhou": "\"",
  "ssfubiaotiqian": "<span class=\"newname\">",
  "ssfubiaotihou": "</span>",
  "ssbiaotiqian": "alt=\"",
  "ssbiaotihou": "\"",
  "sslianjieqian": "<a href=\"",
  "sslianjiehou": "\"",
  "bfshifouercijiequ": "0",
  "bfjiequqian": "空",
  "bfjiequhou": "空",
  "bfjiequshuzuqian": "<div class=\"movurl mod\"",
  "bfjiequshuzuhou": "</div>",
  "zhuangtaiqian": "播放状态：</span>",
  "zhuangtaihou": "</span>",
  "leixinqian": "类型：</span>",
  "leixinhou": "</a>",
  "niandaiqian": "首播时间：</span>",
  "niandaihou": "</a>",
  "diquqian": "地区：</span>",
  "diquhou": "</span>",
  "daoyanqian": "影片导演: ",
  "daoyanhou": "</p>",
  "zhuyanqian": "影片主演:",
  "zhuyanhou": "</p>",
  "juqingqian": "<div class=\"detail_imform_desc_pre\">",
  "juqinghou": "</div>",
  "bfyshifouercijiequ": "0",
  "bfyjiequqian": "空",
  "bfyjiequhou": "空",
  "bfyjiequshuzuqian": "<a",
  "bfyjiequshuzuhou": "/a>",
  "bfbiaotiqian": ">",
  "bfbiaotihou": "<",
  "bflianjieqian": "href=\"",
  "bflianjiehou": "\""
}
