{
  "name": "vidhub",
  "url": "https://vidhub1.cc",
  "ua": "Mozilla/5.0 (Windows NT 10.0; Win64; x64) AppleWebKit/537.36 (KHTML, like Gecko) Chrome/58.0.3029.110 Safari/537.3",
  "shouye": "0",
  "fenlei": "电影$/vodshow/1--------#连续剧$/vodshow/2--------#动漫$/vodshow/4--------#综艺$/vodshow/3--------#内地剧$/vodshow/13--------#港台剧$/vodshow/14--------#日韩剧$/vodshow/15--------#欧美剧$/vodshow/16--------#泰国剧$/vodshow/28--------#短剧$/vodshow/29--------#国产动漫$/vodshow/4-国产-------#内地综艺$/vodshow/3-内地-------#动作片$/vodshow/6--------#喜剧片$/vodshow/7--------#爱情片$/vodshow/8--------#科幻片$/vodshow/9--------#恐怖片$/vodshow/10--------#剧情片$/vodshow/11--------#战争片$/vodshow/12--------#惊悚片$/vodshow/21--------",
  "houzhui": "---.html",
  "shifouercijiequ": "0",
  "jiequqian": "<div class=\"module-items\">",
  "jiequhou": "<div class=\"module-footer\">",
  "jiequshuzuqian": "<div class=\"module-item\">",
  "jiequshuzuhou": "<div class=\"module-item\">",
  "tupianqian": "\" data-src=\"",
  "tupianhou": "\"",
  "biaotiqian": "title=\"",
  "biaotihou": "\"",
  "lianjieqian": "<a href=\"",
  "lianjiehou": "\"",
  "fubiaotiqian": "<div class=\"module-item-text\">",
  "fubiaotihou": "</div>",
  "sousuoqian": "/index.php/ajax/suggest?mid=1&wd=",
  "sousuohou": "",
  "sousuohouzhui": "",
  "ssljqianzhui": "/voddetail/",
  "ssljhouzhui": ".html",
  "ssmoshi": "0",
  "sousuoshifouercijiequ": "0",
  "jspic": "pic",
  "jsname": "name",
  "jsid": "id",
  "ssjiequqian": "<div class=\"blockcontent1\">",
  "ssjiequhou": "<div class=\"blockcontent\">",
  "ssjiequshuzuqian": "<div class=\"cell blockdif2\">",
  "ssjiequshuzuhou": ">在线播放",
  "sstupianqian": "src=\"",
  "sstupianhou": "\"",
  "ssfubiaotiqian": "<span class=\"newname\">",
  "ssfubiaotihou": "</span>",
  "ssbiaotiqian": "alt=\"",
  "ssbiaotihou": "\"",
  "sslianjieqian": "<a href=\"",
  "sslianjiehou": "\"",
  "bfshifouercijiequ": "0",
  "bfjiequqian": "空",
  "bfjiequhou": "空",
  "bfjiequshuzuqian": "<div class=\"sort-item\" id=\"sort-item-",
  "bfjiequshuzuhou": "</div>",
  "zhuangtaiqian": "集数：</span><div class=\"video-info-item\">",
  "zhuangtaihou": "</div>",
  "leixinqian": "类型：</span>",
  "leixinhou": "</a>",
  "niandaiqian": "首播时间：</span>",
  "niandaihou": "</a>",
  "diquqian": "地区：</span>",
  "diquhou": "</span>",
  "daoyanqian": "导演：</span>",
  "daoyanhou": "</a>",
  "zhuyanqian": "主演：</span>",
  "zhuyanhou": "</a>",
  "juqingqian": "剧情：</span>",
  "juqinghou": "</span>",
  "bfyshifouercijiequ": "0",
  "bfyjiequqian": "空",
  "bfyjiequhou": "空",
  "bfyjiequshuzuqian": "<a ",
  "bfyjiequshuzuhou": "</a>",
  "bfbiaotiqian": "<span>",
  "bfbiaotihou": "</span>",
  "bflianjieqian": "href=\"",
  "bflianjiehou": "\""
}
