{
  "homeUrl": "https://www.348z.com/",
  "header":{
   "User-Agent":"Mozilla/5.0 (Windows NT 10.0; Win64; x64) AppleWebKit/537.36 (KHTML, like Gecko) Chrome/114.0.0.0 Safari/537.36"
  },
  "cateManual": {
   "电影": "1",
   "连续剧": "2",
   "动漫": "4",
   "综艺": "3"
  },
  "list":{
   "region":["<ul class=\"list_", "<div class=\"page_select\">"],
   "url": "https://www.348z.com/vodshow/area/{area}/id/{cateId}/page/{catePg}/year/{year}.html",
   "vod_id": ["href=\"/voddetail/", ".html",0,0,1],
   "vod_name": ["title=\"", "\""],
   "vod_pic":["data-original=\"", "\""],
   "vod_remarks":["<span class=\"pack-prb hidden\">","</span>"]
  },
  "detail":{
   "region":["<html>", "</html>"],
   "url": "https://www.348z.com/voddetail/{vid}.html",
   "vod_name":["class=\"fyy\">", "</h1>"],  
   "vod_pic": ["class=\"vod-detail-bj\" src=\"","\""], 
   "vod_actor":["演员：</span>","</a>"],
   "vod_director":["导演：</span>", "</a>",0,0,8], 
   "vod_area":["地区：</span>", "</a>"],
   "vod_year":["年代：</span>", "</a>"],
   "vod_type":["<span class=\"video-tag-icon\">", "</span>"],
   "vod_remarks":["remarks\">状态：","</span>"],
   "vod_content":["<span id=\"cText\">","</span>"]
  },
  "playlist":{
 	  "region":["<html>", "</html>"],
   "sort": 0,
   "url": "https://www.348z.com/voddetail/{vid}.html",
   "vod_play_url": ["href=\"/vodplay/", ".html",-9,5,3],
   "vod_play_url_title": ["\">", "</a>"],    
   "vod_play_from": ["蓝光LZ","蓝光HR1","蓝光Z","蓝光-MY","极速2","极速","极速X","超清资源","高清-LS","非凡","bili","MG","YK","TX","QY"]
  },
	"play":{
		"region":["<html>", "</html>"],
		"keywords":[".mp4", ".m3u8", ".flv"]
	},
	"search":{
		"region":["<ul class=\"list_", "<div class=\"page_select\">"],
		"url": "https://www.348z.com/vodsearch/wd/{wd}.html", 
    "vod_id": ["href=\"/voddetail/", ".html",0,0,1],
		"vod_name": ["title=\"", "\""],
    "vod_pic":["data-original=\"", "\""],
    "vod_remarks":["<span class=\"pack-prb\">","</span>"]
	},
 "searchbeiyong":{
		"url": "http://www.hktv03.com/index.php/ajax/suggest?mid=1&wd={wd}",
		"lookback": 3,
		"vod_id": "id",
		"vod_name": "name",
		"vod_pic":"pic"
	},
	"filter": {
      "1": [
        {
          "key": "cateId",
          "name": "分类",
          "value": [
            {"n": "全部","v": "1"},
            {"n": "动作","v": "6"},
            {"n": "喜剧","v": "7"},
            {"n": "爱情","v": "8"},
            {"n": "科幻","v": "9"},
            {"n": "恐怖","v": "10"},
            {"n": "剧情","v": "11"},
            {"n": "战争","v": "12"},
            {"n": "纪录","v": "20"},
            {"n": "灾难","v": "21"},
            {"n": "魔幻","v": "22"},
            {"n": "B站电影","v": "29"}
          ]
        },
        {
          "key": "area",
          "name": "地区",
          "value": [
            {"n": "全部","v": ""},
            {"n": "大陆","v": "大陆"},
            {"n": "香港","v": "香港"},
            {"n": "台湾","v": "台湾"},        
            {"n": "美国","v": "美国"},
            {"n": "韩国","v": "韩国"},
            {"n": "英国","v": "英国"},
            {"n": "日本","v": "日本"},
            {"n": "泰国","v": "泰国"},
            {"n": "印度","v": "印度"},
            {"n": "其他","v": "其他"}
          ]
        },
        {
          "key": "year",
          "name": "年份",
          "value": [
            {"n": "全部","v": ""},
            {"n": "2024","v": "2024"},
            {"n": "2023","v": "2023"},
            {"n": "2022","v": "2022"},
            {"n": "2021","v": "2021"},
            {"n": "2020","v": "2020"},
            {"n": "2019","v": "2019"},
            {"n": "2018","v": "2018"},
            {"n": "2017","v": "2017"},
            {"n": "2016","v": "2016"},
            {"n": "2015","v": "2015"},
            {"n": "2014","v": "2014"},
            {"n": "2013","v": "2013"},
            {"n": "2012","v": "2012"},
            {"n": "2011","v": "2011"},
            {"n": "2010","v": "2010"},
            {"n": "2009","v": "2009"},
            {"n": "2008","v": "2008"},
            {"n": "2007","v": "2007"},
            {"n": "2006","v": "2006"},
            {"n": "2005","v": "2005"},
            {"n": "2004","v": "2004"},
            {"n": "2003","v": "2003"},
            {"n": "2002","v": "2002"},
            {"n": "2001","v": "2001"},
            {"n": "2000","v": "2000"}
          ]
        }
      ],
      "2": [
        {
          "key": "cateId",
          "name": "分类",
          "value": [
            {"n": "全部","v": "2"},
            {"n": "国产剧","v": "13"},
            {"n": "港台剧","v": "14"},
            {"n": "日韩剧","v": "15"},
            {"n": "欧美剧","v": "16"},
            {"n": "短剧","v": "55"},
            {"n": "B站剧集","v": "49"},
            {"n": "其他剧","v": "50"}
          ]
        },
        {
          "key": "area",
          "name": "地区",
          "value": [
            {"n": "全部","v": ""},
            {"n": "内地","v": "内地"},
            {"n": "香港","v": "香港"},
            {"n": "韩国","v": "韩国"},        
            {"n": "台湾","v": "台湾"},
            {"n": "美国","v": "美国"},
            {"n": "日本","v": "日本"},
            {"n": "泰国","v": "泰国"},
            {"n": "英国","v": "英国"},
            {"n": "其他","v": "其他"}
          ]
        },
        {
          "key": "year",
          "name": "年份",
          "value": [
            {"n": "全部","v": ""},
            {"n": "2024","v": "2024"},
            {"n": "2023","v": "2023"},
            {"n": "2022","v": "2022"},
            {"n": "2021","v": "2021"},
            {"n": "2020","v": "2020"},
            {"n": "2019","v": "2019"},
            {"n": "2018","v": "2018"},
            {"n": "2017","v": "2017"},
            {"n": "2016","v": "2016"},
            {"n": "2015","v": "2015"},
            {"n": "2014","v": "2014"},
            {"n": "2013","v": "2013"},
            {"n": "2012","v": "2012"},
            {"n": "2011","v": "2011"},
            {"n": "2010","v": "2010"},
            {"n": "2009","v": "2009"},
            {"n": "2008","v": "2008"},
            {"n": "2007","v": "2007"},
            {"n": "2006","v": "2006"},
            {"n": "2005","v": "2005"},
            {"n": "2004","v": "2004"},
            {"n": "2003","v": "2003"},
            {"n": "2002","v": "2002"},
            {"n": "2001","v": "2001"},
            {"n": "2000","v": "2000"}
          ]
        }
      ],
      "3": [
        {
          "key": "area",
          "name": "地区",
          "value": [
            {"n": "全部","v": ""},
            {"n": "内地","v": "内地"},
            {"n": "港台","v": "港台"},
            {"n": "日韩","v": "日韩"},        
            {"n": "欧美","v": "欧美"}
          ]
        },
        {
          "key": "year",
          "name": "年份",
          "value": [
            {"n": "全部","v": ""},
            {"n": "2024","v": "2024"},
            {"n": "2023","v": "2023"},
            {"n": "2022","v": "2022"},
            {"n": "2021","v": "2021"},
            {"n": "2020","v": "2020"},
            {"n": "2019","v": "2019"},
            {"n": "2018","v": "2018"},
            {"n": "2017","v": "2017"},
            {"n": "2016","v": "2016"},
            {"n": "2015","v": "2015"},
            {"n": "2014","v": "2014"},
            {"n": "2013","v": "2013"},
            {"n": "2012","v": "2012"},
            {"n": "2011","v": "2011"},
            {"n": "2010","v": "2010"},
            {"n": "2009","v": "2009"},
            {"n": "2008","v": "2008"},
            {"n": "2007","v": "2007"},
            {"n": "2006","v": "2006"},
            {"n": "2005","v": "2005"},
            {"n": "2004","v": "2004"},
            {"n": "2003","v": "2003"},
            {"n": "2002","v": "2002"},
            {"n": "2001","v": "2001"},
            {"n": "2000","v": "2000"}
          ]
        }
      ],
      "4": [
        {
          "key": "area",
          "name": "地区",
          "value": [
            {"n": "全部","v": ""},
            {"n": "国产","v": "国产"},
            {"n": "日本","v": "日本"},
            {"n": "欧美","v": "欧美"},        
            {"n": "其他","v": "其他"}
          ]
        },
        {
          "key": "year",
          "name": "年份",
          "value": [
            {"n": "全部","v": ""},
            {"n": "2024","v": "2024"},
            {"n": "2023","v": "2023"},
            {"n": "2022","v": "2022"},
            {"n": "2021","v": "2021"},
            {"n": "2020","v": "2020"},
            {"n": "2019","v": "2019"},
            {"n": "2018","v": "2018"},
            {"n": "2017","v": "2017"},
            {"n": "2016","v": "2016"},
            {"n": "2015","v": "2015"},
            {"n": "2014","v": "2014"},
            {"n": "2013","v": "2013"},
            {"n": "2012","v": "2012"},
            {"n": "2011","v": "2011"},
            {"n": "2010","v": "2010"},
            {"n": "2009","v": "2009"},
            {"n": "2008","v": "2008"},
            {"n": "2007","v": "2007"},
            {"n": "2006","v": "2006"},
            {"n": "2005","v": "2005"},
            {"n": "2004","v": "2004"},
            {"n": "2003","v": "2003"},
            {"n": "2002","v": "2002"},
            {"n": "2001","v": "2001"},
            {"n": "2000","v": "2000"}
          ]
        }
      ]
    }
  
}
