{
	"homeUrl": "https://www.88mv.org/", 
	"header":{
		"User-Agent":"Mozilla/5.0 (Linux; Android 8.1.0; ALP-AL00 Build/HUAWEIALP-AL00; wv) AppleWebKit/537.36 (KHTML, like Gecko) Version/4.0 Chrome/63.0.3239.83 Mobile Safari/537.36 T7/10.13 baiduboxapp/10.13.0.11 (Baidu; P1 8.1.0)"
	},
	"cateManual": {
		"电影": "1",
		"电视剧": "2",
		"综艺": "3",
		"动漫": "4"
	},
	"list":{
		"region":["<html>", "</html>"],
		"url": "https://www.88mv.org/vod-list-id-{cateId}-pg-{catePg}-order--by-{by}-class-0-year-{year}-letter--area-{area}-lang-.html", 
 		"vod_id": ["href=\"", ".html"],
		"vod_name": ["title=\"", "\""],
		"vod_pic":["data-original=\"", "\"",0,0,2],
		"vod_remarks":["<p class=\"other\">","</p>"]
	},
	"detail":{
		"region":["<html>", "</html>"],
		"url": "https://www.88mv.org{vid}.html",
		"vod_name":["<h1>", "</h1>"],  
		"vod_pic": ["<img src=\"","\""], 
		"vod_actor":["主演：</span>","</dt>"],
		"vod_director":["导演：</span>", "</dd>",0,0,5], 
		"vod_area":["地区：</span>", "</dd>"],
		"vod_year":["年份：</span>", "</dd>"],
		"vod_type":["类型：</span>", "类型：</span>"],
		"vod_remarks":["状态：</span>","</dt>"],
		"vod_content":["剧情简介:</span>","</div>"]
	},
	"playlist":{
		"region":["<div class=\"playfrom", "index-area clearfix"],
		"sort": 0,
		"url": "https://www.88mv.org/{vid}.html",
		"vod_play_url": ["<a href=\"/", "\"",0,0,2],
		"vod_play_url_title": ["title=\"", "\""],    
		"vod_play_from": ["红牛资源","TT云","计算云","凤雏云","无尽资源","暴风资源","非凡资源","天空资源","闪电资源","八戒播放源","奇艺播放源","优酷播放源","腾讯播放源"]
	},
	"play":{
		"region":["<html>", "</html>"],
		"keywords":[".mp4", ".m3u8", ".flv"]
	},
	"search":{
		"region":["<html>", "</html>"],
		"url": "https://www.88mv.org/search/search.php?q=wd-{wd}-pg-1", 
		"vod_id": ["href=\"", ".html"],
		"vod_name": ["title=\"", "\""],
		"vod_pic":["data-original=\"", "\"",0,0,2],
		"vod_remarks":["<p class=\"other\">","</p>"]
	},
 "searchbeiyong":{
		"url": "http://www.hktv03.com/index.php/ajax/suggest?mid=1&wd={wd}",
		"lookback": 3,
		"vod_id": "id",
		"vod_name": "name",
		"vod_pic":"pic"
	},
	"filter": {
      "1": [
        {
          "key": "cateId",
          "name": "剧情",
          "value": [
            {"n": "全部","v": "1"},
            {"n": "动作","v": "5"},
            {"n": "喜剧","v": "6"},
            {"n": "爱情","v": "7"},
            {"n": "科幻","v": "8"},
            {"n": "恐怖","v": "9"},
            {"n": "剧情","v": "10"},
            {"n": "战争","v": "11"},
            {"n": "纪录","v": "17"},
            {"n": "冒险","v": "18"},
            {"n": "悬疑","v": "19"},
            {"n": "犯罪","v": "20"},
            {"n": "惊悚","v": "26"},
            {"n": "动画片","v": "27"},
            {"n": "其他","v": "25"}
          ]
        },
        {
          "key": "area",
          "name": "地区",
          "value": [
            {"n": "全部","v": ""},
            {"n": "大陆","v": "大陆"},
            {"n": "香港","v": "香港"},
            {"n": "台湾","v": "台湾"},        
            {"n": "美国","v": "美国"},
            {"n": "韩国","v": "韩国"},
            {"n": "英国","v": "英国"},
            {"n": "日本","v": "日本"},
            {"n": "泰国","v": "泰国"},
            {"n": "印度","v": "印度"},
            {"n": "其它","v": "其它"}
          ]
        },
        {
          "key": "year",
          "name": "年份",
          "value": [
            {"n": "全部","v": ""},
            {"n": "2024","v": "2024"},
            {"n": "2023","v": "2023"},
            {"n": "2022","v": "2022"},
            {"n": "2021","v": "2021"},
            {"n": "2020","v": "2020"},
            {"n": "2019","v": "2019"},
            {"n": "2018","v": "2018"},
            {"n": "2017","v": "2017"},
            {"n": "2016","v": "2016"},
            {"n": "2015","v": "2015"},
            {"n": "2014","v": "2014"},
            {"n": "2013","v": "2013"},
            {"n": "2012","v": "2012"},
            {"n": "2011","v": "2011"},
            {"n": "2010","v": "2010"},
            {"n": "2009","v": "2009"},
            {"n": "2008","v": "2008"},
            {"n": "2007","v": "2007"},
            {"n": "2006","v": "2006"},
            {"n": "2005","v": "2005"},
            {"n": "2004","v": "2004"},
            {"n": "2003","v": "2003"},
            {"n": "2002","v": "2002"},
            {"n": "2001","v": "2001"},
            {"n": "2000","v": "2000"},
            {"n": "1999","v": "1999"},
            {"n": "1998","v": "1998"},
            {"n": "1997","v": "1997"},
            {"n": "1996","v": "1996"},
            {"n": "1995","v": "1995"}
          ]
        },
        {
          "key": "by",
          "name": "排序",
          "value": [
            {"n": "最新","v": "time"},
            {"n": "人气","v": "hits"},
            {"n": "推荐","v": "score"}
          ]
        }
      ],
      "2": [
        {
          "key": "cateId",
          "name": "剧情",
          "value": [
            {"n": "全部","v": "2"},
            {"n": "国产剧","v": "12"},
            {"n": "港台剧","v": "13"},
            {"n": "日韩剧","v": "14"},
            {"n": "欧美剧","v": "15"},
            {"n": "其他剧","v": "29"}
          ]
        },
        {
          "key": "area",
          "name": "地区",
          "value": [
            {"n": "全部","v": ""},
            {"n": "大陆","v": "大陆"},
            {"n": "香港","v": "香港"},
            {"n": "韩国","v": "韩国"},        
            {"n": "台湾","v": "台湾"},
            {"n": "美国","v": "美国"},
            {"n": "日本","v": "日本"},
            {"n": "泰国","v": "泰国"},
            {"n": "英国","v": "英国"},
            {"n": "印度","v": "印度"},
            {"n": "其它","v": "其它"}
          ]
        },
        {
          "key": "year",
          "name": "年份",
          "value": [
            {"n": "全部","v": ""},
            {"n": "2024","v": "2024"},
            {"n": "2023","v": "2023"},
            {"n": "2022","v": "2022"},
            {"n": "2021","v": "2021"},
            {"n": "2020","v": "2020"},
            {"n": "2019","v": "2019"},
            {"n": "2018","v": "2018"},
            {"n": "2017","v": "2017"},
            {"n": "2016","v": "2016"},
            {"n": "2015","v": "2015"},
            {"n": "2014","v": "2014"},
            {"n": "2013","v": "2013"},
            {"n": "2012","v": "2012"},
            {"n": "2011","v": "2011"},
            {"n": "2010","v": "2010"},
            {"n": "2009","v": "2009"},
            {"n": "2008","v": "2008"},
            {"n": "2007","v": "2007"},
            {"n": "2006","v": "2006"},
            {"n": "2005","v": "2005"},
            {"n": "2004","v": "2004"},
            {"n": "2003","v": "2003"},
            {"n": "2002","v": "2002"},
            {"n": "2001","v": "2001"},
            {"n": "2000","v": "2000"},
            {"n": "1999","v": "1999"},
            {"n": "1998","v": "1998"},
            {"n": "1997","v": "1997"},
            {"n": "1996","v": "1996"},
            {"n": "1995","v": "1995"}
          ]
        },
        {
          "key": "by",
          "name": "排序",
          "value": [
            {"n": "最新","v": "time"},
            {"n": "人气","v": "hits"},
            {"n": "推荐","v": "score"}
          ]
        }
      ],
      "3": [
        {
          "key": "area",
          "name": "地区",
          "value": [
            {"n": "全部","v": ""},
            {"n": "大陆","v": "大陆"},
            {"n": "香港","v": "香港"},
            {"n": "台湾","v": "台湾"},        
            {"n": "美国","v": "美国"},        
            {"n": "韩国","v": "韩国"},        
            {"n": "日本","v": "日本"},        
            {"n": "泰国","v": "泰国"},        
            {"n": "印度","v": "印度"},        
            {"n": "其它","v": "其它"}
          ]
        },
        {
          "key": "year",
          "name": "年份",
          "value": [
            {"n": "全部","v": ""},
            {"n": "2024","v": "2024"},
            {"n": "2023","v": "2023"},
            {"n": "2022","v": "2022"},
            {"n": "2021","v": "2021"},
            {"n": "2020","v": "2020"},
            {"n": "2019","v": "2019"},
            {"n": "2018","v": "2018"},
            {"n": "2017","v": "2017"},
            {"n": "2016","v": "2016"},
            {"n": "2015","v": "2015"},
            {"n": "2014","v": "2014"},
            {"n": "2013","v": "2013"},
            {"n": "2012","v": "2012"},
            {"n": "2011","v": "2011"},
            {"n": "2010","v": "2010"},
            {"n": "2009","v": "2009"},
            {"n": "2008","v": "2008"},
            {"n": "2007","v": "2007"},
            {"n": "2006","v": "2006"},
            {"n": "2005","v": "2005"},
            {"n": "2004","v": "2004"},
            {"n": "2003","v": "2003"},
            {"n": "2002","v": "2002"},
            {"n": "2001","v": "2001"},
            {"n": "2000","v": "2000"},
            {"n": "1999","v": "1999"},
            {"n": "1998","v": "1998"},
            {"n": "1997","v": "1997"},
            {"n": "1996","v": "1996"},
            {"n": "1995","v": "1995"}
          ]
        },
        {
          "key": "by",
          "name": "排序",
          "value": [
            {"n": "最新","v": "time"},
            {"n": "人气","v": "hits"},
            {"n": "推荐","v": "score"}
          ]
        }
      ],
      "4": [
        {
          "key": "area",
          "name": "地区",
          "value": [
            {"n": "全部","v": ""},
            {"n": "大陆","v": "大陆"},
            {"n": "香港","v": "香港"},
            {"n": "台湾","v": "台湾"},        
            {"n": "美国","v": "美国"},        
            {"n": "韩国","v": "韩国"},        
            {"n": "日本","v": "日本"},        
            {"n": "泰国","v": "泰国"},        
            {"n": "印度","v": "印度"},        
            {"n": "其它","v": "其它"}
          ]
        },
        {
          "key": "year",
          "name": "年份",
          "value": [
            {"n": "全部","v": ""},
            {"n": "2024","v": "2024"},
            {"n": "2023","v": "2023"},
            {"n": "2022","v": "2022"},
            {"n": "2021","v": "2021"},
            {"n": "2020","v": "2020"},
            {"n": "2019","v": "2019"},
            {"n": "2018","v": "2018"},
            {"n": "2017","v": "2017"},
            {"n": "2016","v": "2016"},
            {"n": "2015","v": "2015"},
            {"n": "2014","v": "2014"},
            {"n": "2013","v": "2013"},
            {"n": "2012","v": "2012"},
            {"n": "2011","v": "2011"},
            {"n": "2010","v": "2010"},
            {"n": "2009","v": "2009"},
            {"n": "2008","v": "2008"},
            {"n": "2007","v": "2007"},
            {"n": "2006","v": "2006"},
            {"n": "2005","v": "2005"},
            {"n": "2004","v": "2004"},
            {"n": "2003","v": "2003"},
            {"n": "2002","v": "2002"},
            {"n": "2001","v": "2001"},
            {"n": "2000","v": "2000"},
            {"n": "1999","v": "1999"},
            {"n": "1998","v": "1998"},
            {"n": "1997","v": "1997"},
            {"n": "1996","v": "1996"},
            {"n": "1995","v": "1995"}
          ]
        },
        {
          "key": "by",
          "name": "排序",
          "value": [
            {"n": "最新","v": "time"},
            {"n": "人气","v": "hits"},
            {"n": "推荐","v": "score"}
          ]
        }
      ]
    }
  
}
