{
	"homeUrl": "http://www.hktv03.com/", 
	"header":{
		"User-Agent":"Mozilla/5.0 (Linux; Android 8.1.0; ALP-AL00 Build/HUAWEIALP-AL00; wv) AppleWebKit/537.36 (KHTML, like Gecko) Version/4.0 Chrome/63.0.3239.83 Mobile Safari/537.36 T7/10.13 baiduboxapp/10.13.0.11 (Baidu; P1 8.1.0)"
	},
	"cateManual": {
		"电影": "1",
		"电视剧": "2",
		"综艺": "3",
		"动漫": "4",
		"短剧": "19"
	},
	"list":{
		"region":["<html>", "</html>"],
		"url": "http://www.hktv03.com/vod/show/by/{by}/area/{area}/class/{class}/id/{cateId}/page/{catePg}/year/{year}.html", 
 		"vod_id": ["href=\"/vod/detail/id/", ".html",0,0,3],
		"vod_name": ["title=\"", "\""],
		"vod_pic":["data-original=\"", "\""],
		"vod_remarks":["<span class=\"pic-tag pic-tag-top\">","</span>"]
	},
	"detail":{
		"region":["<html>", "</html>"],
		"url": "http://www.hktv03.com/vod/detail/id/{vid}.html",
		"vod_name":["<h1 class=\"title\">", "</h1>"],  
		"vod_pic": ["data-original=\"","\""], 
		"vod_actor":[">主演：","</p>"],
		"vod_director":[">导演：", "</p>",0,0,4], 
		"vod_area":["地区：</span>", "</a>"],
		"vod_year":["年份：</span>", "</a>"],
		"vod_type":["分类：</span>", "</a>"],
		"vod_remarks":["更新：</span><span class=\"text-red\">","/"],
		"vod_content":["简介：</span>","<"]
	},
	"playlist":{
		"region":["<html>", "</html>"],
		"sort": 0,
		"url": "http://www.hktv03.com/vod/detail/id/{vid}.html",
		"vod_play_url": ["btn btn-default\" href=\"", "\"",0,0,3],
		"vod_play_url_title": [".html\">", "<"],    
		"vod_play_from": ["极速专线","如意线路","量子线路","暴风线路","非凡线路","奇艺视频","腾讯视频","优酷视频","B站视频","芒果tv","搜狐视频"]
	},
	"play":{
		"region":["<html>", "</html>"],
		"keywords":[".mp4", ".m3u8", ".flv"]
	},
	"searchbeiyong":{
		"region":["<html>", "</html>"],
		"url": "http://www.hktv03.com/vod/search.html?wd={wd}", 
		"vod_id": ["lazyload\" href=\"/vod/detail/id/", ".html",0,0,2],
		"vod_name": ["title=\"", "\""],
		"vod_pic":["data-original=\"", "\""],
		"vod_remarks":["<span class=\"tag\" style=\"background-color: #ff9900;\">","</span>"]
	},
 "search":{
		"url": "http://www.hktv03.com/index.php/ajax/suggest?mid=1&wd={wd}",
		"lookback": 3,
		"vod_id": "id",
		"vod_name": "name",
		"vod_pic":"pic"
	},
	"filter": {
      "1": [
        {
          "key": "cateId",
          "name": "类型",
          "value": [
            {"n": "全部","v": "1"},
            {"n": "动作片","v": "6"},
            {"n": "喜剧片","v": "7"},
            {"n": "爱情片","v": "8"},
            {"n": "科幻片","v": "9"},
            {"n": "剧情片","v": "10"},
            {"n": "恐怖片","v": "11"},
            {"n": "战争片","v": "12"}
          ]
        },{
          "key": "class",
          "name": "剧情",
          "value": [
            {"n": "全部","v": ""},
            {"n": "喜剧","v": "喜剧"},
            {"n": "爱情","v": "爱情"},
            {"n": "恐怖","v": "恐怖"},
            {"n": "动作","v": "动作"},
            {"n": "科幻","v": "科幻"},
            {"n": "剧情","v": "剧情"},
            {"n": "战争","v": "战争"},
            {"n": "警匪","v": "警匪"},
            {"n": "犯罪","v": "犯罪"},
            {"n": "动画","v": "动画"},
            {"n": "奇幻","v": "奇幻"},
            {"n": "武侠","v": "武侠"},
            {"n": "冒险","v": "冒险"}
          ]
        },
        {
          "key": "area",
          "name": "地区",
          "value": [
            {"n": "全部","v": ""},
            {"n": "大陆","v": "大陆"},
            {"n": "香港","v": "香港"},
            {"n": "台湾","v": "台湾"},        
            {"n": "美国","v": "美国"},
            {"n": "韩国","v": "韩国"},
            {"n": "日本","v": "日本"},
            {"n": "泰国","v": "泰国"},
            {"n": "印度","v": "印度"},
            {"n": "其他","v": "其他"}
          ]
        },
        {
          "key": "year",
          "name": "年份",
          "value": [
            {"n": "全部","v": ""},
            {"n": "2024","v": "2024"},
            {"n": "2023","v": "2023"},
            {"n": "2022","v": "2022"},
            {"n": "2021","v": "2021"},
            {"n": "2020","v": "2020"},
            {"n": "2019","v": "2019"},
            {"n": "2018","v": "2018"},
            {"n": "2017","v": "2017"},
            {"n": "2016","v": "2016"},
            {"n": "2015","v": "2015"},
            {"n": "2014","v": "2014"},
            {"n": "2013","v": "2013"},
            {"n": "2012","v": "2012"},
            {"n": "2011","v": "2011"},
            {"n": "2010","v": "2010"},
            {"n": "2009","v": "2009"},
            {"n": "2008","v": "2008"},
            {"n": "2007","v": "2007"},
            {"n": "2006","v": "2006"},
            {"n": "2005","v": "2005"},
            {"n": "2004","v": "2004"}
          ]
        },
        {
          "key": "by",
          "name": "排序",
          "value": [
            {"n": "时间","v": ""},
            {"n": "人气","v": "hits"},
            {"n": "评分","v": "score"}
          ]
        }
      ],
      "2": [
         {
          "key": "cateId",
          "name": "类型",
          "value": [
            {"n": "全部","v": "2"},
            {"n": "国产剧","v": "13"},
            {"n": "港台剧","v": "14"},
            {"n": "日韩剧","v": "15"},
            {"n": "欧美剧","v": "16"}
          ]
        },{
          "key": "class",
          "name": "剧情",
          "value": [
            {"n": "全部","v": ""},
            {"n": "古装","v": "古装"},
            {"n": "战争","v": "战争"},
            {"n": "偶像","v": "青春偶像"},
            {"n": "喜剧","v": "喜剧"},
            {"n": "家庭","v": "家庭"},
            {"n": "犯罪","v": "犯罪"},
            {"n": "动作","v": "动作"},
            {"n": "奇幻","v": "奇幻"},
            {"n": "剧情","v": "剧情"},
            {"n": "历史","v": "历史"},
            {"n": "乡村","v": "乡村"},
            {"n": "其他","v": "其他"}
          ]
        },
        {
          "key": "area",
          "name": "地区",
          "value": [
            {"n": "全部","v": ""},
            {"n": "内地","v": "内地"},
            {"n": "香港","v": "香港"},
            {"n": "韩国","v": "韩国"},        
            {"n": "台湾","v": "台湾"},
            {"n": "美国","v": "美国"},
            {"n": "日本","v": "日本"},
            {"n": "泰国","v": "泰国"},
            {"n": "英国","v": "英国"},
            {"n": "其他","v": "其他"}
          ]
        },
        {
          "key": "year",
          "name": "年份",
          "value": [
            {"n": "全部","v": ""},
            {"n": "2024","v": "2024"},
            {"n": "2023","v": "2023"},
            {"n": "2022","v": "2022"},
            {"n": "2021","v": "2021"},
            {"n": "2020","v": "2020"},
            {"n": "2019","v": "2019"},
            {"n": "2018","v": "2018"},
            {"n": "2017","v": "2017"},
            {"n": "2016","v": "2016"},
            {"n": "2015","v": "2015"},
            {"n": "2014","v": "2014"},
            {"n": "2013","v": "2013"},
            {"n": "2012","v": "2012"},
            {"n": "2011","v": "2011"}
          ]
        },
        {
          "key": "by",
          "name": "排序",
          "value": [
            {"n": "时间","v": ""},
            {"n": "人气","v": "hits"},
            {"n": "评分","v": "score"}
          ]
        }
      ],
      "3": [
        {
          "key": "class",
          "name": "剧情",
          "value": [
            {"n": "全部","v": ""},
            {"n": "选秀","v": "选秀"},
            {"n": "情感","v": "情感"},
            {"n": "访谈","v": "访谈"},
            {"n": "播报","v": "播报"},
            {"n": "旅游","v": "旅游"},
            {"n": "音乐","v": "音乐"},
            {"n": "美食","v": "美食"},
            {"n": "纪实","v": "纪实"},
            {"n": "生活","v": "生活"}
          ]
        },
        {
          "key": "area",
          "name": "地区",
          "value": [
            {"n": "全部","v": ""},
            {"n": "内地","v": "内地"},
            {"n": "港台","v": "港台"},
            {"n": "日韩","v": "日韩"},        
            {"n": "欧美","v": "欧美"}
          ]
        },
        {
          "key": "year",
          "name": "年份",
          "value": [
            {"n": "全部","v": ""},
            {"n": "2024","v": "2024"},
            {"n": "2023","v": "2023"},
            {"n": "2022","v": "2022"},
            {"n": "2021","v": "2021"},
            {"n": "2020","v": "2020"},
            {"n": "2019","v": "2019"},
            {"n": "2018","v": "2018"},
            {"n": "2017","v": "2017"},
            {"n": "2016","v": "2016"},
            {"n": "2015","v": "2015"},
            {"n": "2014","v": "2014"},
            {"n": "2013","v": "2013"},
            {"n": "2012","v": "2012"},
            {"n": "2011","v": "2011"}
          ]
        },
        {
          "key": "by",
          "name": "排序",
          "value": [
            {"n": "时间","v": ""},
            {"n": "人气","v": "hits"},
            {"n": "评分","v": "score"}
          ]
        }
      ],
    "19": [
        {
          "key": "year",
          "name": "年份",
          "value": [
            {"n": "全部","v": ""},
            {"n": "2024","v": "2024"},
            {"n": "2023","v": "2023"},
            {"n": "2022","v": "2022"},
            {"n": "2021","v": "2021"},
            {"n": "2020","v": "2020"},
            {"n": "2019","v": "2019"},
            {"n": "2018","v": "2018"},
            {"n": "2017","v": "2017"},
            {"n": "2016","v": "2016"},
            {"n": "2015","v": "2015"},
            {"n": "2014","v": "2014"},
            {"n": "2013","v": "2013"},
            {"n": "2012","v": "2012"},
            {"n": "2011","v": "2011"},
            {"n": "2010","v": "2010"}
          ]
        },
        {
          "key": "by",
          "name": "排序",
          "value": [
            {"n": "时间","v": ""},
            {"n": "人气","v": "hits"},
            {"n": "评分","v": "score"}
          ]
        }
      ],
      "4": [
        {
          "key": "class",
          "name": "剧情",
          "value": [
            {"n": "全部","v": ""},
            {"n": "情感","v": "情感"},
            {"n": "科幻","v": "科幻"},
            {"n": "热血","v": "热血"},
            {"n": "推理","v": "推理"},
            {"n": "搞笑","v": "搞笑"},
            {"n": "冒险","v": "冒险"},
            {"n": "萝莉","v": "萝莉"},
            {"n": "校园","v": "校园"},
            {"n": "动作","v": "动作"},
            {"n": "机战","v": "机战"},
            {"n": "运动","v": "运动"},
            {"n": "战争","v": "战争"},
            {"n": "少年","v": "少年"}
          ]
        },
        {
          "key": "area",
          "name": "地区",
          "value": [
            {"n": "全部","v": ""},
            {"n": "国产","v": "大陆"},
            {"n": "日本","v": "日本"},
            {"n": "欧美","v": "欧美"},
            {"n": "其他","v": "其他"}
          ]
        },
        {
          "key": "year",
          "name": "年份",
          "value": [
            {"n": "全部","v": ""},
            {"n": "2024","v": "2024"},
            {"n": "2023","v": "2023"},
            {"n": "2022","v": "2022"},
            {"n": "2021","v": "2021"},
            {"n": "2020","v": "2020"},
            {"n": "2019","v": "2019"},
            {"n": "2018","v": "2018"},
            {"n": "2017","v": "2017"},
            {"n": "2016","v": "2016"},
            {"n": "2015","v": "2015"},
            {"n": "2014","v": "2014"},
            {"n": "2013","v": "2013"},
            {"n": "2012","v": "2012"},
            {"n": "2011","v": "2011"}
          ]
        },
        {
          "key": "by",
          "name": "排序",
          "value": [
            {"n": "时间","v": ""},
            {"n": "人气","v": "hits"},
            {"n": "评分","v": "score"}
          ]
        }
      ]
    }
}
