{
    "规则名": "yinghua",
    "请求头参数": "User-Agent$电脑",
    
    "是否开启获取首页数据": "1",
    "首页推荐链接": "https://www.dm539.com",
    "首页列表数组规则": "name == 'a'  && class == 'myui-vodlist__thumb lazyload'",
    "首页片单是否Jsoup写法": "1",
    "首页片单标题": "name == 'a'  && attribute == 'title'",
    "首页片单链接": "name == 'a'  && attribute == 'href'",
    "首页片单图片": "name == 'a'  && attribute == 'data-original'",
    "首页片单副标题": "name == 'span '  && class == 'pic-text text-right'",
    "首页片单链接加前缀": "https://www.dm539.com",
    "首页片单链接加后缀": "",
    "首页片单图片加前缀": "",
    "首页片单图片加后缀": "",

   
    
    "分类起始页码": "1",
    "分类链接": "https://www.dm539.com/show/{cateId}--{by}-{class}--{letter}---{catePg}---{year}.html",
    "分类名称": "日本动漫#国产动漫#动漫电影#欧美动漫",
    "分类名称替换词": "ribendongman#guochandongman#dongmandianying#omeidongman",
    "筛选URL编码": "1",
    "筛选子分类名称": "",
    "筛选子分类替换词": "",
    "筛选类型名称": "全部#搞笑#运动#励志#热血#战斗#竞技#校园#青春#爱情#冒险#后宫#百合#治愈#萝莉#魔法#悬疑#推理#奇幻#神魔#恐怖#血腥#机战#战争#犯罪#社会#职场#剧情#伪娘#耽美#歌舞#肉番#美少女#吸血鬼#泡面番",
    "筛选类型替换词": "#搞笑#运动#励志#热血#战斗#竞技#校园#青春#爱情#冒险#后宫#百合#治愈#萝莉#魔法#悬疑#推理#奇幻#神魔#恐怖#血腥#机战#战争#犯罪#社会#职场#剧情#伪娘#耽美#歌舞#肉番#美少女#吸血鬼#泡面番",
    "筛选地区名称": "",
    "筛选地区替换词": "",
    "筛选年份名称": "全部#2025#2024#2023#2022#2021#2020#2019#2018#2017#2016#2015#2014#2013#2012#2011#2010#2009#2008#2007#2006#2005#2004#2003#2002#2001#2000#1999#1998#1997#1996#1995#1994#1993#1992#1991#1990#1989#1988#1987#1986#1985#1984#1983#1982#1980",
    "筛选年份替换词": "#2025#2024#2023#2022#2021#2020#2019#2018#2017#2016#2015#2014#2013#2012#2011#2010#2009#2008#2007#2006#2005#2004#2003#2002#2001#2000#1999#1998#1997#1996#1995#1994#1993#1992#1991#1990#1989#1988#1987#1986#1985#1984#1983#1982#1980",
    "筛选语言名称": "全部#A#B#C#D#E#F#G#H#I#J#K#L#M#N#O#P#Q#R#S#T#U#V#W#X#Y#Z#0-9",
    "筛选语言替换词": "#A#B#C#D#E#F#G#H#I#J#K#L#M#N#O#P#Q#R#S#T#U#V#W#X#Y#Z#0~9",
    "筛选排序名称": "时间#人气#评分",
    "筛选排序替换词": "#hits#score",
    
    "分类列表数组规则": "name == 'a'  && class == 'myui-vodlist__thumb lazyload'",
    "分类片单是否Jsoup写法": "1",
    "分类片单标题":  "name == 'a'  && attribute == 'title'",
    "分类片单链接":  "name == 'a'  && attribute == 'href'",
    "分类片单图片": "name == 'a'  && attribute == 'data-original'",
    "分类片单副标题":"name == 'span '  && class == 'pic-text text-right'",
    "分类片单链接加前缀": "https://www.dm539.com",
    "分类片单链接加后缀": "",
    "分类片单图片加前缀": "",
    "分类片单图片加后缀": "",
   
    "搜索请求头参数": "User-Agent$电脑",
    "搜索链接": "https://www.dm539.com/search/{wd}-------------.html",
    "POST请求数据": "",
    "搜索截取模式": "1",
    "搜索列表数组规则": "name == 'li'  && attribute == 'clearfix'",
    "搜索片单是否Jsoup写法": "1",
    "搜索片单图片": "name == 'a'  && attribute == 'data-original'",
    "搜索片单标题": "name == 'a'  && attribute == 'title'",
    "搜索片单链接": "name == 'a'  && attribute == 'href'",
    "搜索片单副标题": "name == 'span '  && class == 'pic-text text-right'",
    "搜索片单链接加前缀": "https://www.dm539.com",
    "搜索片单链接加后缀": "",
    "搜索片单图片加前缀": "",
    "搜索片单图片加后缀": "",
    
    "详情是否Jsoup写法": "1",
    "年代详情": "",
    "地区详情": "",
    "导演详情": "",
    "演员详情": "",
    "简介详情": "name == 'span' && class == 'sketch'",
    
     
    "线路名称数组规则": "name == 'ul' && class == 'nav nav-tabs active'",
    "播放列表数组规则": "name == 'ul' && class == 'myui-content__list sort-list'",
    "选集列表数组规则": "name == 'a'",
    
    "选集标题链接是否Jsoup写法": "1",
    "选集标题": "name == 'a' && text == true",
    "选集链接": "name == 'a' && attribute == 'href'",
    "是否反转选集序列": "0",
    "选集链接加前缀": "https://www.dm539.com",
    "选集链接加后缀": ""
  }