    {
    "规则名": "hdmoli",
    "请求头参数": "User-Agent$电脑",
    
    "是否开启获取首页数据": "1",
    "首页推荐链接": "https://hdmoli.pro",
    "首页列表数组规则": "name == 'li'  && class == 'col-lg-5'",
    "首页片单是否Jsoup写法": "1",
    "首页片单标题": "name == 'a'  && attribute == 'title'",
    "首页片单链接": "name == 'a'  && attribute == 'href'",
    "首页片单图片": "name == 'a'  && attribute == 'data-original'",
    "首页片单副标题": "name == 'span'  && class == 'pic-text text-right'",
    "首页片单链接加前缀": "https://hdmoli.pro",
    "首页片单链接加后缀": "",
    "首页片单图片加前缀": "",
    "首页片单图片加后缀": "",
    
    
    "分类起始页码": "",
    "分类链接": "https://hdmoli.pro/search.php?page={catePg}&searchtype=5&tid={cateId}&area={area}&year={year}&order={by}",
    "分类名称": "电影#剧集#动漫",
    "分类名称替换词": "1#2#41",
    "筛选URL编码": "1",
    "筛选子分类名称": "全部#动作片#爱情片#科幻片#恐怖片#战争片#喜剧片#纪录片#剧情片#犯罪片#动画片||全部#美剧#韩剧#日剧#英剧#泰剧#综艺#中国#其他",
    "筛选子分类替换词": "#5#6#7#8#9#10#11#12#30#32||#15#16#13#34#29#39#14#38",
    "筛选类型名称": "",
    "筛选类型替换词": "",
    "筛选地区名称": "全部#美国#韩国#英国#日本#泰国#中国#其他",
    "筛选地区替换词": "#美国#韩国#英国#日本#泰国#中国#其他",
    "筛选年份名称": "全部#2025#2024#2023#2022#2021#2020#2019#2018#2017#2016#2015#2014#2013#more",
    "筛选年份替换词": "#2025#2024#2023#2022#2021#2020#2019#2018#2017#2016#2015#2014#2013#more",
    "筛选语言名称": "",
    "筛选语言替换词": "",
    "筛选排序名称": "时间#评分",
    "筛选排序替换词": "#douban",
    
    "分类列表数组规则": "name == 'li'  && class == 'col-lg-5'",
    "分类片单是否Jsoup写法": "1",
    "分类片单标题":  "name == 'a'  && attribute == 'title'",
    "分类片单链接":  "name == 'a'  && attribute == 'href'",
    "分类片单图片": "name == 'a'  && attribute == 'data-original'",
    "分类片单副标题":"name == 'span'  && class == 'pic-text text-right'",
    "分类片单链接加前缀": "https://hdmoli.pro",
    "分类片单链接加后缀": "",
    "分类片单图片加前缀": "",
    "分类片单图片加后缀": "",
    
    "搜索请求头参数": "User-Agent$电脑",
    "搜索链接": "https://hdmoli.pro/search.php?searchword={wd}&submit=",
    "POST请求数据": "",
    "搜索截取模式": "1",
    "搜索列表数组规则": "name == 'div' && class == 'thumb'",
    "搜索片单是否Jsoup写法": "1",
    "搜索片单图片": "",
    "搜索片单标题": "",
    "搜索片单链接": "",
    "搜索片单副标题": "",
    "搜索片单链接加前缀": "https://hdmoli.pro",
    "搜索片单链接加后缀": "",
    "搜索片单图片加前缀": "",
    "搜索片单图片加后缀": "",
    
    "详情是否Jsoup写法": "0",
    "年代详情": "",
    "地区详情": "",
    "导演详情": "导演：&&</p>",
    "演员详情": "演员：&&</p>",
    "简介详情": "简介：&&</p>",
    
     
    "线路名称数组规则": "selector == 'ul.nav.nav-tabs.active > li'",
    "播放列表数组规则": "name == 'div' && class == 'tab-pane fade in clearfix'",
    "选集列表数组规则": "name == 'a'",
    
    "选集标题链接是否Jsoup写法": "1",
    "选集标题": "name == 'a' && text == true",
    "选集链接": "name == 'a' && attribute == 'href'",
    "是否反转选集序列": "0",
    "选集链接加前缀": "https://hdmoli.pro",
    "选集链接加后缀": ""
  }