{
  "规则名": "ikvod",
  "请求头参数": "User-Agent$电脑",
  "是否开启获取首页数据": "1",
  "首页推荐链接": "https://lkvod.me",
  "首页列表数组规则": "name == 'div' && class == 'public-list-box'",
  "首页片单是否Jsoup写法": "1",
  "首页片单标题": "name == 'a'  && class == 'time-title hide ft4'  && attribute == 'title'",
  "首页片单链接": "name == 'a'  && class == 'time-title hide ft4'  && attribute == 'href'",
  "首页片单图片": "name == 'img' && class == 'lazy lazy1'  && attribute == 'data-src'",
  "首页片单副标题": "name == 'div' && class == 'public-list-subtitle cor5 hide ft2'",
  "首页片单链接加前缀": "https://lkvod.me",
  "首页片单链接加后缀": "",
  "首页片单图片加前缀": "",
  "首页片单图片加后缀": "",
  "分类起始页码": "1",
  "分类链接": "https://lkvod.me/show/{cateId}---{class}-----{catePg}---{year}.html",
  "分类名称": "电影#电视剧#综艺#动漫",
  "分类名称替换词": "1#2#3#4",
    "筛选URL编码": "1",
    "筛选子分类名称": "全部#国产剧#港台剧#日韩剧#欧美剧#其他剧||空",
    "筛选子分类替换词": "空||国产剧#港台剧#日韩剧#欧美剧#其他剧||空",
    "筛选类型名称": "全部#喜剧#爱情#恐怖#动作#科幻#剧情#战争#警匪#犯罪#动画#奇幻#武侠#冒险#枪战#恐怖#悬疑#惊悚#经典#青春#文艺#微电影#古装#历史#运动||全部#古装#战争#青春偶像#喜剧#家庭#犯罪#动作#奇幻#历史#经典#乡村#情景#商战#网剧#其他||全部#选秀#情感#访谈#播报#旅游#音乐#美食#纪实#曲艺#生活#游戏互动#财经#求职||全部#情感#科幻#热血#推理#搞笑#冒险#萝莉#校园#动作#机战#运动#战争#少年#少女#社会#原创#亲子#益智#激励#其他",
    "筛选类型替换词": "#喜剧#爱情#恐怖#动作#科幻#剧情#战争#警匪#犯罪#动画#奇幻#武侠#冒险#枪战#恐怖#悬疑#惊悚#经典#青春#文艺#微电影#古装#历史#运动||全部#古装#战争#青春偶像#喜剧#家庭#犯罪#动作#奇幻#历史#经典#乡村#情景#商战#网剧#其他||全部#选秀#情感#访谈#播报#旅游#音乐#美食#纪实#曲艺#生活#游戏互动#财经#求职||全部#情感#科幻#热血#推理#搞笑#冒险#萝莉#校园#动作#机战#运动#战争#少年#少女#社会#原创#亲子#益智#激励#其他",
    "筛选年份名称": "全部#2025#2024#2023#2022#2021#2020#2019#2018#2017#2016#2015#2014#2013#2012#2011#2010",
    "筛选年份替换词": "#2025#2024#2023#2022#2021#2020#2019#2018#2017#2016#2015#2014#2013#2012#2011#2010",
    "筛选语言名称": "",
    "筛选语言替换词": "",
    "筛选排序名称": "时间#人气#评分",
    "筛选排序替换词": "time#hits#score",
  "分类列表数组规则": "name == 'div'  && class == 'public-list-box'",
  "分类片单是否Jsoup写法": "1",
  "分类片单标题": "name == 'name == 'a'  && class == 'public-list-exp'    && attribute == 'title'",
  "分类片单链接": "name == 'a'  && class == 'public-list-exp'  && attribute == 'href'",
  "分类片单图片": "name == 'img'  && class == 'lazy lazy1'  && attribute == 'data-src'",
  "分类片单副标题": "name == 'div'  && class == 'public-list-subtitle cor5 hide ft2'",
  "分类片单链接加前缀": "https://lkvod.me",
  "分类片单链接加后缀": "",
  "分类片单图片加前缀": "",
  "分类片单图片加后缀": "",
  "搜索请求头参数": "User-Agent$电脑#Referer$https://lkvod.me",
  "搜索链接": "https://lkvod.me/nk/-------------.html?wd={wd}",
  "POST请求数据": "",
  "搜索截取模式": "1",
  "搜索列表数组规则": "name == 'div'  && class == 'public-list-box'",
  "搜索片单是否Jsoup写法": "1",
  "搜索片单图片": "name == 'img'  && class == 'lazy lazy1'  && attribute == 'data-src'",
  "搜索片单标题": "name == 'div'  && class == ''thumb-txt cor4 hide'",     
  "搜索片单链接": "name == 'a'  && class == 'public-list-exp'  && attribute == 'href'",
  "搜索片单副标题": "name == 'span'  && class == 'public-list-prb hide ft2'",
  "搜索片单链接加前缀": "https://lkvod.me",
  "搜索片单链接加后缀": "",
  "搜索片单图片加前缀": "",
  "搜索片单图片加后缀": "",
  "详情是否Jsoup写法": "1",
  "年代详情": "",
  "地区详情": "",
  "导演详情": "",
  "演员详情": "",
  "简介详情": "name == 'div' && class == 'text cor3'",
  "线路名称数组规则": "name == 'a' && class == 'swiper-slide'",
  "播放列表数组规则": "name == 'ul' && class == 'anthology-list-play'",
  "选集列表数组规则": "name == 'a'",
  "选集标题链接是否Jsoup写法": "1",
  "选集标题": "name == 'a' && class == 'hide'",
  "选集链接": "name == 'a' && attribute == 'href'",
  "是否反转选集序列": "0",
  "选集链接加前缀": "https://lkvod.me",
  "选集链接加后缀": ""
}