{
  "请求头参数": "User-Agent$电脑",
  "是否开启获取首页数据": "1",
  "首页推荐链接": "https://www.iyf.lv/",
  "首页列表数组规则": "selector == 'div.module-items.module-poster-items-base > a'",
  "首页片单是否Jsoup写法": "1",
  "首页片单标题": "name == 'a'  && attribute == 'title'",
  "首页片单链接": "name == 'a'  && attribute == 'href'",
  "首页片单图片": "name == 'img' && attribute == 'data-original'",
  "首页片单副标题": "name == 'div' && calss == 'module-item-note'",
  "首页片单链接加前缀": "https://www.iyf.lv",
  "首页片单链接加后缀": "",
  "首页片单图片加前缀": "https://www.iyf.lv",
  "首页片单图片加后缀": "",

  "分类起始页码": "1",
  "分类链接": "https://www.iyf.lv/k/{cateId}-{area}-{by}-{class}--{letter}---{catePg}---{year}/",
  "分类名称": "电影#电视剧#综艺#动漫",
  "分类名称替换词": "1#2#3#4",
  "筛选URL编码": "0",
  "筛选子分类名称": "全部#动作片#喜剧片#爱情片#科幻片#奇幻片#恐怖片#剧情片#战争片#纪录片#动画片#悬疑片#冒险片#犯罪片#惊悚片#歌舞片#灾难片#网络片||全部#国产剧#港台剧#日剧#韩剧#欧美剧#泰剧#新马剧#其他剧||全部#内地综艺#港台综艺#日本综艺#韩国综艺#欧美综艺#新马泰综艺#其他综艺||全部#国产动漫#日本动漫#韩国动漫#港台动漫#新马泰动漫#欧美动漫#其他动漫",
  "筛选子分类替换词": "1#6#7#8#9#10#11#12#20#21#26#22#23#24#45#46#47#48||2#13#14#15#33#16#34#35#25||3#27#28#29#36#30#37#38||4#31#32#39#40#41#42#43",
  "筛选类型名称": "全部#喜剧#爱情#恐怖#动作#科幻#剧情#战争#警匪#犯罪#动画#奇幻#武侠#冒险#枪战#恐怖#悬疑#惊悚#经典#青春#文艺#微电影#古装#历史#运动#农村#儿童#网络电影||全部#古装#战争#青春#偶像#喜剧#家庭#犯罪#动作#奇幻#剧情#历史#经典#乡村#情景#商战#网剧#其他||全部#选秀#情感#访谈#播报#旅游#音乐#美食#纪实#曲艺#生活#游戏互动#财经#求职||全部#情感#科幻#热血#推理#搞笑#冒险#萝莉#校园#动作#机战#运动#战争#少年#少女#社会#原创#亲子#益智#励志#其他",
  "筛选类型替换词": "#喜剧#爱情#恐怖#动作#科幻#剧情#战争#警匪#犯罪#动画#奇幻#武侠#冒险#枪战#恐怖#悬疑#惊悚#经典#青春#文艺#微电影#古装#历史#运动#农村#儿童#网络电影||#古装#战争#青春#偶像#喜剧#家庭#犯罪#动作#奇幻#剧情#历史#经典#乡村#情景#商战#网剧#其他||#选秀#情感#访谈#播报#旅游#音乐#美食#纪实#曲艺#生活#游戏互动#财经#求职||#情感#科幻#热血#推理#搞笑#冒险#萝莉#校园#动作#机战#运动#战争#少年#少女#社会#原创#亲子#益智#励志#其他",
  "筛选地区名称": "全部#大陆#香港#台湾#美国#法国#英国#日本#韩国#德国#泰国#印度#意大利#西班牙#加拿大#其他||全部#大陆#香港#台湾#美国#法国#英国#日本#韩国#德国#泰国#印度#意大利#西班牙#加拿大#其他||全部#内地#港台#日韩#欧美||全部#国产#日本#欧美#其他",
  "筛选地区替换词": "#大陆#香港#台湾#美国#法国#英国#日本#韩国#德国#泰国#印度#意大利#西班牙#加拿大#其他||#大陆#香港#台湾#美国#法国#英国#日本#韩国#德国#泰国#印度#意大利#西班牙#加拿大#其他||#内地#港台#日韩#欧美||#国产#日本#欧美#其他",
  "筛选年份名称": "全部#2025#2024#2023#2022#2021#2020#2019#2018#2017#2016#2015#2014#2013#2012#2011#2010-2000#90年代#80年代#更早",
  "筛选年份替换词": "#2025#2024#2023#2022#2021#2020#2019#2018#2017#2016#2015#2014#2013#2012#2011#2010-2000#90年代#80年代#更早",
  "筛选语言名称": "",
  "筛选语言替换词": "",
  "筛选字母名称": "全部#A#B#C#D#E#F#G#H#I#J#K#L#M#N#O#P#Q#R#S#T#U#V#W#X#Y#Z",
  "筛选字母替换词": "#A#B#C#D#E#F#G#H#I#J#K#L#M#N#O#P#Q#R#S#T#U#V#W#X#Y#Z",
  "筛选排序名称": "时间#人气#评分",
  "筛选排序替换词": "#hits#score",

  "分类列表数组规则": "",
  "分类片单是否Jsoup写法": "1",
  "分类片单标题": "",
  "分类片单链接": "",
  "分类片单图片": "",
  "分类片单副标题": "",
  "分类片单链接加前缀": "https://www.iyf.lv",
  "分类片单链接加后缀": "",
  "分类片单图片加前缀": "https://www.iyf.lv",
  "分类片单图片加后缀": "",

  "搜索请求头参数": "User-Agent$电脑",
  "搜索链接": "https://www.iyf.lv/s/-------------/?wd={wd}",
  "POST请求数据": "",
  "搜索截取模式": "1",
  "搜索列表数组规则": "name == 'div' && class == 'module-card-item module-item'",
  "搜索片单是否Jsoup写法": "1",
  "搜索片单图片": "name == 'img' && attribute == 'data-original'",
  "搜索片单标题": "name == 'img' && attribute == 'alt'",
  "搜索片单链接": "",
  "搜索片单副标题": "name == 'div' && class == 'module-item-note'",
  "搜索片单链接加前缀": "https://www.iyf.lv",
  "搜索片单链接加后缀": "",
  "搜索片单图片加前缀": "https://www.iyf.lv",
  "搜索片单图片加后缀": "",

  "详情是否Jsoup写法": "1",
  "年代详情": "",
  "地区详情": "",
  "导演详情": "",
  "演员详情": "",
  "简介详情": "name == 'div' && class == 'module-info-introduction-content'",
  "线路名称数组规则": "name == 'div' && class == 'module-tab-item tab-item' && attribute == 'data-dropdown-value'",
  "播放列表数组规则": "name == 'div' && class == 'module-list sort-list'",
  "选集列表数组规则": "name == 'a'",
  "选集标题链接是否Jsoup写法": "1",
  "选集标题": "name == 'a' && text == true",
  "选集链接": "name == 'a' && attribute == 'href'",
  "是否反转选集序列": "0",
  "选集链接加前缀": "https://www.iyf.lv",
  "选集链接加后缀": ""
}