  {
    "规则名": "可可影视",
    "请求头参数": "User-Agent$电脑#Referer$https://www.kkys03.com",
    
    "是否开启获取首页数据": "1",
    "首页推荐链接": "https://www.kkys03.com",
    "首页列表数组规则": "selector == 'div.module-box-inner > div.module-item '",
    "首页片单是否Jsoup写法": "1",
    "首页片单标题": "selector == 'div.v-item-cover > img' && index == 1 && attribute == 'title'",
    "首页片单链接": "name == 'a'  && class == 'v-item' && attribute == 'href'",
    "首页片单图片": "selector == 'div.v-item-cover > img' && index == 1 && attribute == 'data-original'",
    "首页片单副标题": "selector == 'div.v-item-bottom > span' && index == 1 && text == true",
    "首页片单链接加前缀": "https://www.kkys03.com",
    "首页片单链接加后缀": "",
    "首页片单图片加前缀": "https://vres.bbpeyi.cn",
    "首页片单图片加后缀": "",
    
    "分类起始页码": "1",
    "分类链接": "https://www.kkys03.com/show/{cateId}-{class}-{area}--{year}-{by}-{catePg}.html",
    "分类名称": "电影#连续剧#动漫#综艺#短剧",
    "分类名称替换词": "1#2#3#4#6",
    "筛选URL编码": "1",
    "筛选子分类名称": "",
    "筛选子分类替换词": "",
    "筛选类型名称": "全部#剧情#喜剧#动作#爱情#恐怖#惊悚#犯罪#科幻#悬疑#奇幻#冒险#战争#历史#古装#家庭#传记#武侠#歌舞#短片#动画#儿童#职场||全部#剧情#爱情#喜剧#犯罪#悬疑#古装#动作#家庭#惊悚#奇幻#美剧#科幻#历史#战争#韩剧#武侠#言情#恐怖#冒险#都市#职场||全部#动态漫画#剧情#动画#喜剧#冒险#动作#奇幻#科幻#儿童#搞笑#爱情#家庭#短片#热血#益智#悬疑#经典#校园#Anime#运动#亲子#青春#恋爱#武侠#惊悚||全部#纪录#真人秀#记录#脱口秀#剧情#历史#喜剧#传记#相声#节目#歌舞#冒险#运动#Season#犯罪#短片#搞笑#晚会||全部#逆袭#甜宠#虐恋#穿越#重生#剧情#科幻#武侠#爱情#动作#战争#冒险#其它",
    "筛选类型替换词": "#剧情#喜剧#动作#爱情#恐怖#惊悚#犯罪#科幻#悬疑#奇幻#冒险#战争#历史#古装#家庭#传记#武侠#歌舞#短片#动画#儿童#职场||#剧情#爱情#喜剧#犯罪#悬疑#古装#动作#家庭#惊悚#奇幻#美剧#科幻#历史#战争#韩剧#武侠#言情#恐怖#冒险#都市#职场||#动态漫画#剧情#动画#喜剧#冒险#动作#奇幻#科幻#儿童#搞笑#爱情#家庭#短片#热血#益智#悬疑#经典#校园#Anime#运动#亲子#青春#恋爱#武侠#惊悚||#纪录#真人秀#记录#脱口秀#剧情#历史#喜剧#传记#相声#节目#歌舞#冒险#运动#Season#犯罪#短片#搞笑#晚会||#逆袭#甜宠#虐恋#穿越#重生#剧情#科幻#武侠#爱情#动作#战争#冒险#其它",
    "筛选地区名称": "全部#大陆#香港#台湾#美国#日本#韩国#英国#法国#德国#印度#泰国#丹麦#瑞典#巴西#加拿大#俄罗斯#意大利#比利时#爱尔兰#西班牙#澳大利亚#其他||全部#大陆#香港#韩国#美国#日本#法国#英国#德国#台湾#泰国#印度#其他||全部#大陆#日本#台湾#美国#香港#韩国#英国#法国#德国#印度#泰国#丹麦#瑞典#巴西#加拿大#俄罗斯#意大利#比利时#爱尔兰#西班牙#澳大利亚#其他||全部#大陆#香港#台湾#美国#日本#韩国#其他||空",
    "筛选地区替换词": "#中国大陆#中国香港#中国台湾#美国#日本#韩国#英国#法国#德国#印度#泰国#丹麦#瑞典#巴西#加拿大#俄罗斯#意大利#比利时#爱尔兰#西班牙#澳大利亚#其他||#中国大陆#中国香港#韩国#美国#日本#法国#英国#德国#中国台湾#泰国#印度#其他||#中国大陆#日本#中国台湾#美国#中国香港#韩国#英国#法国#德国#印度#泰国#丹麦#瑞典#巴西#加拿大#俄罗斯#意大利#比利时#爱尔兰#西班牙#澳大利亚#其他||#中国大陆#中国香港#中国台湾#美国#日本#韩国#其他||空",
    "筛选年份名称": "全部#2024#2023#2022#2021#2020#10年代#00年代#90年代#80年代#更早||全部#2024#2023#2022#2021#2020#10年代#00年代#90年代#80年代#更早||全部#2024#2023#2022#2021#2020#10年代#00年代#90年代#80年代#更早||全部#2024#2023#2022#2021#2020#10年代#00年代#90年代#80年代#更早||空",
    "筛选年份替换词": "#2024#2023#2022#2021#2020#2010_2019#2000_2009#1990_1999#1980_1989#0_1979||#2024#2023#2022#2021#2020#2010_2019#2000_2009#1990_1999#1980_1989#0_1979||#2024#2023#2022#2021#2020#2010_2019#2000_2009#1990_1999#1980_1989#0_1979||#2024#2023#2022#2021#2020#2010_2019#2000_2009#1990_1999#1980_1989#0_1979||空",
    "筛选语言名称": "",
    "筛选语言替换词": "",
    "筛选排序名称": "最热#综合#最新#评分",
    "筛选排序替换词": "#1#2#4",
    
    "分类列表数组规则":"selector == 'div.module-box-inner > div.module-item '",
    "分类片单是否Jsoup写法": "1",
    "分类片单标题": "selector == 'div.v-item-cover > img' && index == 1 && attribute == 'title'",
    "分类片单链接": "name == 'a'  && class == 'v-item' && attribute == 'href'",
    "分类片单图片": "selector == 'div.v-item-cover > img' && index == 1 && attribute == 'data-original'",
    "分类片单副标题": "selector == 'div.v-item-bottom > span' && index == 1 && text == true",
    "分类片单链接加前缀": "https://www.kkys03.com",
    "分类片单链接加后缀": "",
    "分类片单图片加前缀": "https://vres.bbpeyi.cn",
    "分类片单图片加后缀": "",
    
    "搜索请求头参数": "User-Agent$电脑#Referer$https://www.kkys03.com",
    "搜索链接": "https://www.kkys03.com/search?k={wd}",
    "POST请求数据": "",
    "搜索截取模式": "1",
    "搜索列表数组规则": "selector == '.search-result-item'",
    "搜索片单是否Jsoup写法": "1",
    "搜索片单图片": "selector == 'div.search-result-item-pic > img' && index == 1 && attribute == 'data-original'",
    "搜索片单标题": "selector == 'div.search-result-item-pic > img' && index == 1 && attribute == 'title'",
    "搜索片单链接": "name == 'a'  && class == 'search-result-item' && attribute == 'href'",
    "搜索片单副标题": "selector == 'div.v-item-bottom > span' && index == 1 && text == true",
    "搜索片单链接加前缀": "https://www.kkys03.com",
    "搜索片单链接加后缀": "",
    "搜索片单图片加前缀": "https://vres.bbpeyi.cn",
    "搜索片单图片加后缀": "",
    
    "详情是否Jsoup写法": "1",
    "年代详情": "name == 'a' && class == 'detail-tags-item' && index == 0 && text == true",
    "地区详情": "name == 'a' && class == 'detail-tags-item' && index == 1 && text == true",
    "导演详情": "name == 'div' && class == 'detail-info-row-main' && nextSiblings == 'a'",
    "演员详情": "name == 'div' && class == 'detail-info-row-main' && index == 1 && nextSiblings == 'a'",
    "简介详情": "name == 'div' && class == 'detail-desc' && text == true",
    
    "线路名称数组规则": "selector == 'span.source-item-label[id]' && text == true",
    "播放列表数组规则": "name == 'div' && class == 'episode-list'",
    "选集列表数组规则": "name == 'a'",
    
    "选集标题链接是否Jsoup写法": "1",
    "选集标题": "name == 'a' && text == true",
    "选集链接": "name == 'a' && attribute == 'href'",
    "是否反转选集序列": "0",
    "选集链接加前缀": "https://www.kkys03.com",
    "选集链接加后缀": ""
  }
