{
    "请求头参数": "User-Agent$电脑",
    "是否开启获取首页数据": "1",
    "首页推荐链接": "https://laowang.co",
    "首页列表数组规则": "selector == 'div.module-list.module-lines-list > div.module-items > div.module-item'",
    "首页片单是否Jsoup写法": "1",
    "首页片单标题": "",
    "首页片单链接": "",
    "首页片单图片": "",
    "首页片单副标题": "",
    "首页片单链接加前缀": "https://laowang.co",
    "首页片单链接加后缀": "",
    "首页片单图片加前缀": "",
    "首页片单图片加后缀": "",
    
    "分类起始页码": "1", 
    "分类链接": "https://laowang.co/vs/{cateId}-{area}-{by}-{class}-----{catePg}---{year}.html",
    "分类名称": "电影#剧集#综艺#动漫#短剧",
    "分类名称替换词": "1#2#3#4#5",
    "筛选URL编码": "1",
    "筛选子分类名称": "",
    "筛选子分类替换词": "",
    "筛选类型名称": "全部#喜剧#爱情#恐怖#动作#科幻#剧情#战争#犯罪#冒险#悬疑#惊悚#动画#奇幻#武侠#经典#古装#历史#邵氏#4K#记录||全部#国产#韩剧#古装#战争#偶像#喜剧#家庭#犯罪#动作#奇幻#剧情#悬疑#惊悚#战争#武侠#都市#历史||全部#真人秀#脱口秀#晚会#选秀#情感#音乐#美食||全部#科幻#热血#推理#搞笑#冒险#动作#运动#少女#励志||全部#古装#虐恋#逆袭#悬疑#神豪#重生#反转#复仇#穿越#总裁#甜宠#强者#言情#爽文#女恋#离婚#都市#脑洞#仙侠#民国#合集",
    "筛选类型替换词": "#喜剧#爱情#恐怖#动作#科幻#剧情#战争#犯罪#冒险#悬疑#惊悚#动画#奇幻#武侠#经典#古装#历史#邵氏#4K#记录||#国产#韩剧#古装#战争#偶像#喜剧#家庭#犯罪#动作#奇幻#剧情#悬疑#惊悚#战争#武侠#都市#历史||#真人秀#脱口秀#晚会#选秀#情感#音乐#美食||#科幻#热血#推理#搞笑#冒险#动作#运动#少女#励志||#古装#虐恋#逆袭#悬疑#神豪#重生#反转#复仇#穿越#总裁#甜宠#强者#言情#爽文#女恋#离婚#都市#脑洞#仙侠#民国#合集",
    "筛选地区名称": "全部#大陆#香港#台湾#韩国#美国#日本#泰国#印度#其他",
    "筛选地区替换词": "#大陆#香港#台湾#韩国#美国#日本#泰国#印度#其他",
    "筛选年份名称": "全部#2024#2023#2022#2021#2020#2019#2018#2017#2016#2015#2014#2013#2012#2011#2010#2009#2008#2007#2006#2005#2004#2003#2002",
    "筛选年份替换词": "#2024#2023#2022#2021#2020#2019#2018#2017#2016#2015#2014#2013#2012#2011#2010#2009#2008#2007#2006#2005#2004#2003#2002",
    "筛选语言名称": "",
    "筛选语言替换词": "",
    "筛选排序名称": "时间#人气#评分",
    "筛选排序替换词": "#hits#score",
    
    "分类列表数组规则":"selector == 'div.module-list:first-child > div.module-items > div.module-item'",
    "分类片单是否Jsoup写法": "1",
    "分类片单标题":  "name == 'a'  && attribute == 'title'",
    "分类片单链接":  "name == 'a'  && attribute == 'href'",
    "分类片单图片": "name == 'img'  && attribute == 'data-src'",
    "分类片单副标题":"name == 'div' && class == 'module-item-text' && text == true",
    "分类片单链接加前缀": "https://laowang.co",
    "分类片单链接加后缀": "",
    "分类片单图片加前缀": "",
    "分类片单图片加后缀": "",
    
    "搜索请求头参数":"User-Agent$电脑",
    "搜索链接":"https://laowang.co/s.html?wd={wd}",
    "POST请求数据":"",
    "搜索截取模式":"1",
    "搜索片单是否Jsoup写法": "1",
    "搜索列表数组规则":"name == 'div' && class == 'module-search-item'",
    "搜索片单标题":"name == 'img' && attribute == 'alt'",
    "搜索片单链接":"name == 'a' && class == 'video-serial' && attribute == 'href'",
    "搜索片单图片": "",
    "搜索片单副标题":"name == 'a' && class == 'video-serial'",
    "搜索片单链接加前缀": "https://laowang.co",
    "搜索片单链接加后缀": "",
    "搜索片单图片加前缀": "",
    "搜索片单图片加后缀": "",
    
    "详情是否Jsoup写法": "1",
    "年代详情": "name == 'a' && class == 'tag-link' && index == '1'",
    "地区详情": "name == 'a' && class == 'tag-link' && index == '2' ",
    "导演详情": "name == 'span' && string == '导演：' && nextSiblings == 'div' ",
    "演员详情": "name == 'span' && string == '主演：' && nextSiblings == 'div' ",
    "简介详情": "name == 'div' && class == 'video-info-item video-info-content vod_content' && text == true",
   
     
    "线路名称数组规则": "name == 'div' && class == 'module-tab-item tab-item' && attribute == 'data-dropdown-value'",
    "播放列表数组规则": "name == 'div' && class == 'module-blocklist scroll-box scroll-box-y'",
    "选集列表数组规则": "name == 'a'",
    
    "选集标题链接是否Jsoup写法": "1",
    "选集标题": "name == 'a' && text == true",
    "选集链接": "name == 'a' && attribute == 'href'",
    "是否反转选集序列": "0",
    "选集链接加前缀": "https://laowang.co",
    "选集链接加后缀": ""
  }
