   {
    "规则名": "里里影院",
    "请求头参数": "User-Agent$电脑#Referer$https://www.liic.cc",
    
    "是否开启获取首页数据": "1",
    "首页推荐链接": "https://www.liic.cc",
    "首页列表数组规则": "selector == 'div.module-items > div.module-item'",
    "首页片单是否Jsoup写法": "1",
    "首页片单标题": "name == 'a'  && attribute == 'title'",
    "首页片单链接": "name == 'a'  && attribute == 'href'",
    "首页片单图片": "name == 'img' && class == 'lazy lazyloaded' && attribute == 'data-src'",
    "首页片单副标题": "name == 'div' && class == 'module-item-text' && text == true",
    "首页片单链接加前缀": "https://www.liic.cc",
    "首页片单链接加后缀": "",
    "首页片单图片加前缀": "",
    "首页片单图片加后缀": "",
    
    "分类起始页码": "1",
    "分类链接": "https://www.liic.cc/vodshow/{cateId}-{area}-{by}------{catePg}---{year}.html",
    "分类名称": "电影#电视剧#动漫#综艺#短剧",
    "分类名称替换词": "1#2#4#3#5",
    "筛选URL编码": "1",
    "筛选子分类名称": "全部#动作片#喜剧片#爱情片#科幻片#剧情片#悬疑片#惊悚片#恐怖片#犯罪片#冒险片#战争片#记录片#动画电影||全部#国产剧#港台剧#日韩剧#欧美剧#泰国剧#海外剧||空||空||空",
    "筛选子分类替换词": "1#6#7#8#9#10#11#12#20#21#22#24#25#26||2#13#14#15#16#28#29||空||空||空",
    "筛选类型名称": "",
    "筛选类型替换词": "",
    "筛选地区名称": "全部#大陆#香港#台湾#美国#法国#英国#日本#韩国#德国#泰国#印度#意大利#西班牙#加拿大#其他||全部#大陆#香港#台湾#韩国#日本#美国#泰国#英国#新加坡#其他||全部#大陆#日本#欧美#香港#台湾#韩国||全部#大陆#香港#台湾#韩国#日本#欧美||全部#大陆#韩国#台湾#日本#美国#英国",
    "筛选地区替换词": "#大陆#香港#台湾#美国#法国#英国#日本#韩国#德国#泰国#印度#意大利#西班牙#加拿大#其他||#大陆#香港#台湾#韩国#日本#美国#泰国#英国#新加坡#其他||#大陆#日本#欧美#香港#台湾#韩国||#大陆#香港#台湾#韩国#日本#欧美||#大陆#韩国#台湾#日本#美国#英国",
    "筛选年份名称": "全部#2024#2023#2022#2021#2020#2019#2018#2017#2016#2015#2014#2013#2012#2011#2010",
    "筛选年份替换词": "#2024#2023#2022#2021#2020#2019#2018#2017#2016#2015#2014#2013#2012#2011#2010",
    "筛选语言名称": "",
    "筛选语言替换词": "",
    "筛选排序名称": "时间#人气#评分",
    "筛选排序替换词": "#hits#score",
    
    "分类列表数组规则":"selector == 'div.module-items > div.module-item'",
    "分类片单是否Jsoup写法": "1",
    "分类片单标题":  "name == 'a'  && attribute == 'title'",
    "分类片单链接":  "name == 'a'  && attribute == 'href'",
    "分类片单图片": "name == 'img' && class == 'lazy lazyloaded' && attribute == 'data-src'",
    "分类片单副标题":"name == 'div' && class == 'module-item-text' && text == true",
    "分类片单链接加前缀": "https://www.liic.cc",
    "分类片单链接加后缀": "",
    "分类片单图片加前缀": "",
    "分类片单图片加后缀": "",
    
    "搜索请求头参数":"User-Agent$电脑#Referer$https://www.liic.cc",
    "搜索链接":"https://www.liic.cc/vodsearch/-------------.html?wd={wd}",
    "POST请求数据":"",
    "搜索截取模式":"1",
    "搜索列表数组规则":"selector == 'div.module-items > div.module-search-item'",
    "搜索片单是否Jsoup写法": "1",
    "搜索片单图片":"name == 'img' && class == 'lazy lazyload' && attribute == 'data-src'",
    "搜索片单标题":"name == 'img'  && attribute == 'alt'",
    "搜索片单链接":"name == 'a'  && attribute == 'href'",
     "搜索片单副标题":"name == 'a' && class == 'video-serial' && text == true",
    "搜索片单链接加前缀": "https://www.liic.cc",
    "搜索片单链接加后缀": "",
    "搜索片单图片加前缀": "",
    "搜索片单图片加后缀": "",
    
    "详情是否Jsoup写法": "1",
    "年代详情": "name == 'a' && class == 'tag-link' && index=='1'",
    "地区详情": "name == 'a' && class == 'tag-link' && index=='2'",
    "导演详情": "name == 'div' && class == 'video-info-item video-info-actor' && text == true",
    "演员详情": "name == 'div' && class == 'video-info-item video-info-actor' && index=='1' && text == true",
    "简介详情": "name == 'div' && class == 'video-info-item video-info-content vod_content' && text == true",
   
     
    "线路名称数组规则": "selector == 'div.module-tab-item.tab-item > span'",
    "播放列表数组规则": "name == 'div' && class == 'sort-item'",
    "选集列表数组规则": "name == 'a'",
    
    "选集标题链接是否Jsoup写法": "1",
    "选集标题": "name == 'a' && text == true",
    "选集链接": "name == 'a' && attribute == 'href'",
    "是否反转选集序列": "0",
    "选集链接加前缀": "https://www.liic.cc",
    "选集链接加后缀": ""
  }
