{
    "规则名": "lmm62",
    "请求头参数": "User-Agent$电脑",
    
    "是否开启获取首页数据": "1",
    "首页推荐链接": "https://www.lmm62.com/label/new.html",
    "首页列表数组规则": "div == 'a'  && class == 'video-img-box'",
    "首页片单是否Jsoup写法": "1",
    "首页片单标题": "selector == '.detail> .title'",
    "首页片单链接": "name == 'a'  && attribute == 'href'",
    "首页片单图片": "name == 'img'  && attribute == 'data-src'",
    "首页片单副标题": "name == 'div '  && class == 'absolute-bottom-right'",
    "首页片单链接加前缀": "https://www.lmm62.com",
    "首页片单链接加后缀": "",
    "首页片单图片加前缀": "",
    "首页片单图片加后缀": "",

   
    "分类起始页码": "1",
    "分类链接": "https://www.lmm62.com/vod/show/by/{by}/id/{cateId}/page/{catePg}/letter/{letter}/year/{year}.html",
    "分类名称": "动漫#电影",
    "分类名称替换词": "1#2",
    "筛选URL编码": "1",
    "筛选子分类名称": "全部#国产动漫#日本动漫#欧美动漫#动态动漫#日本特摄剧||全部#日本动画电影#国产动画电影#欧美动画电影",
    "筛选子分类替换词": "1#7#6#8#22#23||2#3#4#5",
    "筛选类型名称": "",
    "筛选类型替换词": "",
    "筛选地区名称": "",
    "筛选地区替换词": "",
    "筛选年份名称": "全部#2025#2024#2023#2022#2021#2020#2019#2018#2017#2016#更早",
    "筛选年份替换词": "#2025#2024#2023#2022#2021#2020#2019#2018#2017#2016#2015-1980",
    "筛选语言名称": "",
    "筛选语言替换词": "",
  "筛选字母名称": "全部#A#B#C#D#E#F#G#H#I#J#K#L#M#N#O#P#Q#R#S#T#U#V#W#X#Y#Z",
  "筛选字母替换词": "#A#B#C#D#E#F#G#H#I#J#K#L#M#N#O#P#Q#R#S#T#U#V#W#X#Y#Z",
    "筛选排序名称": "最近更新#最高人气#最高评分#最多点赞",
    "筛选排序替换词": "#hits#score#up",
    
    "分类列表数组规则": "",
    "分类片单是否Jsoup写法": "1",
    "分类片单标题":  "",
    "分类片单链接":  "",
    "分类片单图片": "",
    "分类片单副标题":"",
    "分类片单链接加前缀": "https://www.lmm62.com",
    "分类片单链接加后缀": "",
    "分类片单图片加前缀": "",
    "分类片单图片加后缀": "",
   
    "搜索请求头参数": "User-Agent$电脑",
    "搜索链接": "https://www.lmm62.com/vod/search.html?wd={wd}",
    "POST请求数据": "",
    "搜索截取模式": "1",
    "搜索列表数组规则": "",
    "搜索片单是否Jsoup写法": "1",
    "搜索片单图片": "",
    "搜索片单标题": "",
    "搜索片单链接": "",
    "搜索片单副标题": "",
    "搜索片单链接加前缀": "https://www.lmm62.com",
    "搜索片单链接加后缀": "",
    "搜索片单图片加前缀": "",
    "搜索片单图片加后缀": "",
    
    "详情是否Jsoup写法": "1",
    "年代详情": "",
    "地区详情": "",
    "导演详情": "",
    "演员详情": "",
    "简介详情": "name == 'span' && class == 'content-text none'",
    
     
    "线路名称数组规则": "name == 'div' && class == 'module-tab-item tab-item' && attribute == 'data-dropdown-value'",
    "播放列表数组规则": "name == 'div' && class == 'module-blocklist scroll-box'",
    "选集列表数组规则": "name == 'a'",
    
    "选集标题链接是否Jsoup写法": "1",
    "选集标题": "name == 'a' && text == true",
    "选集链接": "name == 'a' && attribute == 'href'",
    "是否反转选集序列": "0",
    "选集链接加前缀": "https://www.lmm62.com",
    "选集链接加后缀": ""
  }