    {
    "规则名": "mifun",
    "请求头参数": "User-Agent$电脑#Cookie$tips=ok",
    
    "是否开启获取首页数据": "0",
    "首页推荐链接": "http://www.mifun.tw",
    "首页列表数组规则": "name == 'li'  && class == 'hl-list-item'",
    "首页片单是否Jsoup写法": "1",
    "首页片单标题": "name == 'a'  && attribute == 'title'",
    "首页片单链接": "name == 'a'  && attribute == 'href'",
    "首页片单图片": "name == 'a'  && attribute == 'data-original'",
    "首页片单副标题": "name == 'span'  && class == 'hl-lc-1 remarks'",
    "首页片单链接加前缀": "http://www.mifun.tw",
    "首页片单链接加后缀": "",
    "首页片单图片加前缀": "",
    "首页片单图片加后缀": "",

  
    "分类起始页码": "1",
    "分类链接": "https://www.mifun.tw/vodshow/{cateId}/area/{area}/by/{by}/class/{class}/page/{catePg}/year/{year}/",
    "分类名称": "国创#番剧#剧场#美漫#特摄",
    "分类名称替换词": "2#1#3#4#5",
    "筛选URL编码": "1",
    "筛选子分类名称": "",
    "筛选子分类替换词": "",
    "筛选类型名称": "全部#奇幻#动作#热血#科幻#喜剧#冒险#校园#机战#运动#战争#少年#推理#少女#亲子#益智#励志#动态漫#恋爱#其他||全部#热血#奇幻#动作#科幻#喜剧#治愈#冒险#后宫#百合#校园#青春#恋爱#爱情#日常#耽美#推理#悬疑#机战#运动#战争#战斗#励志#职场#泡面番#其他||全部#奇幻#动作#热血#科幻#喜剧#同性#冒险#校园#恋爱#机战#运动#战争#少年#推理#少女#社会#原创#亲子#益智#励志#恋爱#OVA#其他||全部#奇幻#动作#热血#科幻#喜剧#冒险#校园#机战#运动#战争#少年#推理#少女#社会#原创#亲子#益智#励志#恋爱#其他||空",
    "筛选类型替换词": "#奇幻#动作#热血#科幻#喜剧#冒险#校园#机战#运动#战争#少年#推理#少女#亲子#益智#励志#动态漫#恋爱#其他||#热血#奇幻#动作#科幻#喜剧#治愈#冒险#后宫#百合#校园#青春#恋爱#爱情#日常#耽美#推理#悬疑#机战#运动#战争#战斗#励志#职场#泡面番#其他||#奇幻#动作#热血#科幻#喜剧#同性#冒险#校园#恋爱#机战#运动#战争#少年#推理#少女#社会#原创#亲子#益智#励志#恋爱#OVA#其他||#奇幻#动作#热血#科幻#喜剧#冒险#校园#机战#运动#战争#少年#推理#少女#社会#原创#亲子#益智#励志#恋爱#其他||空",
    "筛选地区名称": "全部#大陆#香港#台湾#日本#韩国#美国#其它",
    "筛选地区替换词": "#大陆#香港#台湾#日本#韩国#美国#其它",
    "筛选年份名称": "全部#2025#2024#2023#2022#2021#2020#2019#2018#2017#2016#2015#2014#2013#2012#2011#2010#2009#2008#2007#2006#2005#2004",
    "筛选年份替换词": "#2025#2024#2023#2022#2021#2020#2019#2018#2017#2016#2015#2014#2013#2012#2011#2010#2009#2008#2007#2006#2005#2004",
    "筛选语言名称": "",
    "筛选语言替换词": "",
    "筛选排序名称": "最新#最热#评分",
    "筛选排序替换词": "#hits#score",
    
    "分类列表数组规则": "name == 'li'  && class == 'hl-list-item'",
    "分类片单是否Jsoup写法": "1",
    "分类片单标题":  "name == 'a'  && attribute == 'title'",
    "分类片单链接":  "name == 'a'  && attribute == 'href'",
    "分类片单图片": "name == 'a'  && attribute == 'data-original'",
    "分类片单副标题":"name == 'span'  && class == 'hl-lc-1 remarks'",
    "分类片单链接加前缀": "http://www.mifun.tw",
    "分类片单链接加后缀": "",
    "分类片单图片加前缀": "",
    "分类片单图片加后缀": "",
    
    "搜索请求头参数": "User-Agent$电脑#Cookie$tips=ok",
    "搜索链接": "http://www.mifun.tw/vodsearch/-------------.html?wd={wd}&submit=",
    "POST请求数据": "",
    "搜索截取模式": "1",
    "搜索列表数组规则": "",
    "搜索片单是否Jsoup写法": "1",
    "搜索片单图片": "",
    "搜索片单标题": "",
    "搜索片单链接": "",
    "搜索片单副标题": "",
    "搜索片单链接加前缀": "http://www.mifun.tw",
    "搜索片单链接加后缀": "",
    "搜索片单图片加前缀": "",
    "搜索片单图片加后缀": "",
    
    "详情是否Jsoup写法": "0",
    "年代详情": "年份：</em>&&</li>",
    "地区详情": "地区：</em>&&</li>",
    "导演详情": "",
    "演员详情": "",
    "简介详情": "简介：</em>&&</li>",
    
     
    "线路名称数组规则": "selector == 'div.hl-plays-from.hl-tabs.swiper-wrapper.clearfix > a' && attribute == 'alt'",
    "播放列表数组规则": "name == 'ul' && class == 'hl-plays-list hl-sort-list'",
    "选集列表数组规则": "name == 'a'",
    
    "选集标题链接是否Jsoup写法": "1",
    "选集标题": "name == 'a' && text == true",
    "选集链接": "name == 'a' && attribute == 'href'",
    "是否反转选集序列": "0",
    "选集链接加前缀": "http://www.mifun.tw",
    "选集链接加后缀": ""
  }