  {

  
    "请求头参数": "User-Agent$手机",
    "是否开启获取首页数据": "1",
    "首页推荐链接": "https://www.wwgz.cn",
    "首页列表数组规则": "selector == 'ul.resize_list > li'",
    "首页片单是否Jsoup写法": "1",
    "首页片单标题": "name == 'a'  && attribute == 'title'",
    "首页片单链接": "name == 'a'  && attribute == 'href'",
    "首页片单图片": "name == 'img'  && attribute == 'src'",
    "首页片单副标题":  "name == 'span'  && class == 'sBottom'",
    "首页片单链接加前缀": "https://www.wwgz.cn",
    "首页片单链接加后缀": "",
    "首页片单图片加前缀": "",
    "首页片单图片加后缀": "",
    
    "分类起始页码": "1",
    "分类链接": "https://www.wwgz.cn/vod-list-id-{cateId}-pg-{catePg}-order--by-{by}-class-0-year-{year}-letter--area-{area}-lang-.html",
    "分类名称": "电影#连续剧#综艺#动漫#短剧#国产剧#港台剧#日韩剧#欧美剧#动作片#喜剧片#爱情片#科幻片#恐怖片#剧情片#惊悚片#奇幻片",
    "分类名称替换词": "1#2#3#4#26#12#13#14#15#5#6#7#8#9#10#16#17",
    "筛选URL编码": "1",
    "筛选子分类名称": "",
    "筛选子分类替换词": "",
    "筛选类型名称": "",
    "筛选类型替换词": "",
    "筛选地区名称": "全部#大陆#香港#台湾#美国#日本#韩国#泰国#印度#俄罗斯#英国#法国#德国#加拿大#西班牙#意大利",
    "筛选地区替换词": "#大陆#香港#台湾#美国#日本#韩国#泰国#印度#俄罗斯#英国#法国#德国#加拿大#西班牙#意大利",
    "筛选年份名称": "全部#2024#2023#2022#2021#2020#2019#2018#2017#2016#2015#2014#2013#2012#2011#2010",
    "筛选年份替换词": "#2024#2023#2022#2021#2020#2019#2018#2017#2016#2015#2014#2013#2012#2011#2010",
    "筛选语言名称": "",
    "筛选语言替换词": "",
    "筛选排序名称": "时间#人气#评分",
    "筛选排序替换词": "#hits#score",
    
    "分类列表数组规则":"selector == 'ul.resize_list > li'",
    "分类片单是否Jsoup写法": "1",
    "分类片单标题": "name == 'a'  && attribute == 'title'",
    "分类片单链接":"name == 'a'  && attribute == 'href'",
    "分类片单图片": "name == 'img'  && attribute == 'src'",
    "分类片单副标题": "name == 'span'  && class == 'sBottom'",
    "分类片单链接加前缀": "https://www.wwgz.cn",
    "分类片单链接加后缀": "",
    "分类片单图片加前缀": "",
    "分类片单图片加后缀": "",
    
    "搜索请求头参数": "User-Agent$手机",
    "搜索链接": "https://www.wwgz.cn/index.php?m=vod-search",
    "POST请求数据": "wd={wd}",
    "搜索截取模式": "1",
    "搜索列表数组规则": "selector == 'ul.ulPicTxt.clearfix >li' ",
    "搜索片单是否Jsoup写法": "1",
    "搜索片单图片": "name == 'img'  && attribute == 'data-src'",
    "搜索片单标题": "name == 'span'  && class == 'sTit'",
    "搜索片单链接": "name == 'a' && attribute == 'href'",
    "搜索片单副标题": "name == 'span'  && class == 'sStyle'",
    "搜索片单链接加前缀": "https://www.wwgz.cn",
    "搜索片单链接加后缀": "",
    "搜索片单图片加前缀": "",
    "搜索片单图片加后缀": "",
    
    "详情是否Jsoup写法": "0",
    "年代详情": "",
    "地区详情": "",
    "导演详情": "导演:&nbsp;&&</a>",
    "演员详情": "主演:&nbsp;&&</a>",
    "简介详情": "简&nbsp;&nbsp;&nbsp;&nbsp;&nbsp;&nbsp;&nbsp;&nbsp;介：&&<",
    
    "线路名称数组规则": "",
    "播放列表数组规则":  "selector == 'div.numList  '",
    "选集列表数组规则": "name == 'a' ",
    
    "选集标题链接是否Jsoup写法": "1",
    "选集标题": "name == 'a' && text == true",
    "选集链接": "name == 'a' && attribute == 'href'",
    "是否反转选集序列": "0",
    "选集链接加前缀": "https://www.wwgz.cn",
    "选集链接加后缀": ""
  }