   {
    "规则名": "影视工厂",
    "请求头参数": "User-Agent$电脑#Referer$https://www.ysgc.fun",
    
    "是否开启获取首页数据": "1",
    "首页推荐链接": "https://www.ysgc.fun",
    "首页列表数组规则": "name == 'div'  && class == 'public-list-box'",
    "首页片单是否Jsoup写法": "1",
    "首页片单标题": "name == 'a'  && class == 'public-list' && attribute == 'title'",
    "首页片单链接": "name == 'a'  && class == 'public-list' && attribute == 'href'",
    "首页片单图片": "name == 'img'  && attribute == 'data-src'",
    "首页片单副标题": "name == 'span'  && class == 'public-list-prb' && text == true",
    "首页片单链接加前缀": "https://www.ysgc.fun",
    "首页片单链接加后缀": "",
    "首页片单图片加前缀": "",
    "首页片单图片加后缀": "",
    
    "分类起始页码": "1",
    "分类链接": "https://www.ysgc.fun/vodshow/{cateId}-{area}-{by}-{class}-----{catePg}---{year}.html",
    "分类名称": "电影#电视剧#动漫#综艺#短剧",
    "分类名称替换词": "1#2#4#3#33",
    "筛选URL编码": "1",
    "筛选子分类名称": "",
    "筛选子分类替换词": "",
    "筛选类型名称": "全部#动作#喜剧#爱情#科幻#恐怖#悬疑#惊悚#剧情#战争#纪录#Netfix||全部#剧情#动作#古装#爱情#战争#谍战#言情#武侠#犯罪#悬疑#网剧#家庭#军旅#都市#偶像#喜剧#青春#科幻#惊悚#Netfix||全部#冒险#搞笑#科幻#恋爱#热血#奇幻#励志#漫画改编#少年#校园||全部#访谈#搞笑#选秀#情感#美食#脱口秀#音乐#真人秀#旅游#文化||全部#女频恋爱#反转爽剧#脑洞悬疑#年代穿越#古装仙侠#现代都市",
    "筛选类型替换词": "#动作#喜剧#爱情#科幻#恐怖#悬疑#惊悚#剧情#战争#纪录#Netfix||#剧情#动作#古装#爱情#战争#谍战#言情#武侠#犯罪#悬疑#网剧#家庭#军旅#都市#偶像#喜剧#青春#科幻#惊悚#Netfix||#冒险#搞笑#科幻#恋爱#热血#奇幻#励志#漫画改编#少年#校园||#访谈#搞笑#选秀#情感#美食#脱口秀#音乐#真人秀#旅游#文化||#女频恋爱#反转爽剧#脑洞悬疑#年代穿越#古装仙侠#现代都市",
    "筛选地区名称": "全部#中国大陆#韩国#美国#中国香港#中国台湾#泰国#日本||全部#中国大陆#韩国#中国香港#中国台湾#美国#日本#泰国#英国||全部#日本#中国大陆||全部#中国大陆#中国台湾#韩国||空",
    "筛选地区替换词": "#中国大陆#韩国#美国#中国香港#中国台湾#泰国#日本||#中国大陆#韩国#中国香港#中国台湾#美国#日本#泰国#英国||#日本#中国大陆||#中国大陆#中国台湾#韩国||空",
    "筛选年份名称": "全部#2025#2024#2023#2022#2021#2020#2019#2018#2017#2016#2015#2014#2013#2012#2011#2010#2009#2008#2007#2006#2005#2004",
    "筛选年份替换词": "#2025#2024#2023#2022#2021#2020#2019#2018#2017#2016#2015#2014#2013#2012#2011#2010#2009#2008#2007#2006#2005#2004",
    "筛选语言名称": "",
    "筛选语言替换词": "",
    "筛选排序名称": "时间#人气#评分",
    "筛选排序替换词": "#hits_week#score",
    
    "分类列表数组规则": "name == 'div'  && class == 'public-list-box'",
    "分类片单是否Jsoup写法": "1",
    "分类片单标题":  "name == 'a'  && class == 'public-list' && attribute == 'title'",
    "分类片单链接":  "name == 'a'  && class == 'public-list' && attribute == 'href'",
    "分类片单图片": "name == 'img'  && attribute == 'data-src'",
    "分类片单副标题":"name == 'span'  && class == 'public-list-prb' && text == true",
    "分类片单链接加前缀": "https://www.ysgc.fun",
    "分类片单链接加后缀": "",
    "分类片单图片加前缀": "",
    "分类片单图片加后缀": "",
    
    "搜索请求头参数": "User-Agent$电脑#Referer$https://www.ysgc.fun",
    "搜索链接": "https://www.ysgc.fun/index.php/ajax/suggest?mid=1&wd={wd}",
    "POST请求数据": "",
    "搜索截取模式": "0",
    "搜索列表数组规则": "selector == '.search-result-item'",
    "搜索片单是否Jsoup写法": "1",
    "搜索片单图片": "selector == 'div.search-result-item-pic > img' && index == 1 && attribute == 'data-original'",
    "搜索片单标题": "selector == 'div.search-result-item-pic > img' && index == 1 && attribute == 'title'",
    "搜索片单链接": "name == 'a'  && class == 'search-result-item' && attribute == 'href'",
    "搜索片单副标题": "selector == 'div.v-item-bottom > span' && index == 1 && text == true",
    "搜索片单链接加前缀": "https://www.ysgc.fun/voddetail/",
    "搜索片单链接加后缀": ".html",
    "搜索片单图片加前缀": "",
    "搜索片单图片加后缀": "",
    
    "详情是否Jsoup写法": "0",
    "年代详情": "年份：</em>&&<",
    "地区详情": "地区：</em>&&<",
    "导演详情": "导演:</strong>&&</a>",
    "演员详情": "演员:</strong>&&</div>",
    "简介详情": "描述:</strong>&&</div>",
    
     
    "线路名称数组规则": "",
    "播放列表数组规则": "name == 'div' && class == 'anthology-list-box'",
    "选集列表数组规则": "name == 'a'",
    
    "选集标题链接是否Jsoup写法": "1",
    "选集标题": "name == 'a' && text == true",
    "选集链接": "name == 'a' && attribute == 'href'",
    "是否反转选集序列": "0",
    "选集链接加前缀": "https://www.ysgc.fun",
    "选集链接加后缀": ""
  }