   {
    "请求头参数": "User-Agent$电脑",
    "是否开启获取首页数据": "1",
    "首页推荐链接": "https://zjys.vip",
    "首页列表数组规则": "",
    "首页片单是否Jsoup写法": "1",
    "首页片单标题": "",
    "首页片单链接": "",
    "首页片单图片": "",
    "首页片单副标题": "",
    "首页片单链接加前缀": "https://zjys.vip",
    "首页片单链接加后缀": "",
    "首页片单图片加前缀": "",
    "首页片单图片加后缀": "",
 
    "分类起始页码": "1", 
    "分类链接": "https://zjys.vip/vodshow/{cateId}-{area}-{by}-{class}-----{catePg}---{year}/",
    "分类名称": "电影#电视剧#综艺#动漫#短剧",
    "分类名称替换词": "1#2#3#4#32",
    "筛选URL编码": "1",
    "筛选子分类名称": "全部#犯罪片#动画电影#纪录片#动作片#喜剧片#爱情片#科幻片#恐怖片#剧情片#战争片||全部#国产剧#香港剧#韩国剧#泰国剧#海外剧#台湾剧#日本剧#欧美剧||空||空||空",
    "筛选子分类替换词": "1#24#25#26#6#7#8#9#10#11#12||2#13#14#20#21#22#23#15#16||空||空||空",
    "筛选类型名称": "全部#动作#喜剧#科幻#奇幻#剧情#爱情#战争#灾难#恐怖#惊悚#悬疑#西部#犯罪#武侠#冒险#枪战#传记#动画#微电影#其它||全部#动作#喜剧#古装#爱情#家庭#战争#警匪#西部#悬疑#科幻#奇幻#剧情#武侠#冒险#犯罪#恐怖#网剧#言情#青春#偶像#校园#都市#传记#其它||全部#脱口秀#真人秀#音乐#纪录片#运动#历史#选秀#情感#歌舞#访谈#播报#旅游#美食#纪实#曲艺#生活#游戏互动#财经#求职||全部#动画电影#动作#喜剧#剧情#奇幻#科幻#运动#武侠#古装#恐怖#爱情#悬疑#冒险#历史#战争#少儿#儿童#歌舞||全部#动作#喜剧#科幻#奇幻#剧情#爱情#战争#灾难#恐怖#惊悚#悬疑#西部#犯罪#武侠#冒险#枪战#传记#动画#微电影#其它",
    "筛选类型替换词": "#动作#喜剧#科幻#奇幻#剧情#爱情#战争#灾难#恐怖#惊悚#悬疑#西部#犯罪#武侠#冒险#枪战#传记#动画#微电影#其它||#动作#喜剧#古装#爱情#家庭#战争#警匪#西部#悬疑#科幻#奇幻#剧情#武侠#冒险#犯罪#恐怖#网剧#言情#青春#偶像#校园#都市#传记#其它||#脱口秀#真人秀#音乐#纪录片#运动#历史#选秀#情感#歌舞#访谈#播报#旅游#美食#纪实#曲艺#生活#游戏互动#财经#求职||#动画电影#动作#喜剧#剧情#奇幻#科幻#运动#武侠#古装#恐怖#爱情#悬疑#冒险#历史#战争#少儿#儿童#歌舞||#动作#喜剧#科幻#奇幻#剧情#爱情#战争#灾难#恐怖#惊悚#悬疑#西部#犯罪#武侠#冒险#枪战#传记#动画#微电影#其它",
    "筛选地区名称": "全部#大陆#香港#台湾#美国#法国#英国#日本#韩国#德国#泰国#印度#意大利#西班牙#加拿大#其他||全部#内地#大陆#韩国#香港#台湾#日本#美国#泰国#英国#新加坡#其他||全部#内地#大陆#香港#台湾#韩国#日本#美国#英国||全部#内地#大陆#香港#台湾#韩国#日本#美国#英国||全部#大陆#韩国#香港#台湾#日本#美国#泰国#英国#新加坡#其他",
    "筛选地区替换词": "#大陆#香港#台湾#美国#法国#英国#日本#韩国#德国#泰国#印度#意大利#西班牙#加拿大#其他||#内地#大陆#韩国#香港#台湾#日本#美国#泰国#英国#新加坡#其他||#内地#大陆#香港#台湾#韩国#日本#美国#英国||#内地#大陆#香港#台湾#韩国#日本#美国#英国||#大陆#韩国#香港#台湾#日本#美国#泰国#英国#新加坡#其他",
    "筛选年份名称": "全部#2024#2023#2022#2021#2020#2019#2018#2017#2016#2015#2014#2013#2012#2011#2010#2009#2008#2007#2006#2005#2004",
    "筛选年份替换词": "#2024#2023#2022#2021#2020#2019#2018#2017#2016#2015#2014#2013#2012#2011#2010#2009#2008#2007#2006#2005#2004",
    "筛选语言名称": "",
    "筛选语言替换词": "",
    "筛选排序名称": "时间#人气#评分",
    "筛选排序替换词": "#hits#score",
    
    "分类列表数组规则":"name == 'a'  && class == 'module-poster-item module-item'",
    "分类片单是否Jsoup写法": "1",
    "分类片单标题":  "name == 'a'  && attribute == 'title'",
    "分类片单链接":  "name == 'a'  && attribute == 'href'",
    "分类片单图片": "name == 'img'  && attribute == 'data-original'",
    "分类片单副标题":"name == 'div'  && class == 'module-item-note' && text == true",
    "分类片单链接加前缀": "https://zjys.vip",
    "分类片单链接加后缀": "",
    "分类片单图片加前缀": "",
    "分类片单图片加后缀": "",
    
    "搜索请求头参数":"User-Agent$电脑",
    "搜索链接":"https://zjys.vip/vodsearch/?wd={wd}",
    "POST请求数据":"",
    "搜索截取模式":"1",
    "搜索片单是否Jsoup写法": "1",
    "搜索列表数组规则":"selector == 'div.module-card-item.module-item'",
    "搜索片单标题":"name == 'img' && class == 'lazy lazyload' && attribute == 'alt'",
    "搜索片单链接":"name == 'a' && class == 'module-card-item-poster' && attribute == 'href'",
    "搜索片单图片": "name == 'img' && class == 'lazy lazyload' && attribute == 'data-original'",
    "搜索片单副标题":"",
    "搜索片单链接加前缀": "https://zjys.vip",
    "搜索片单链接加后缀": "",
    "搜索片单图片加前缀": "",
    "搜索片单图片加后缀": "",
    
    "详情是否Jsoup写法": "1",
    "年代详情": "name == 'div' && class == 'module-info-tag-link' && nextSiblings == 'a'",
    "地区详情": "name == 'div' && class == 'module-info-tag-link' && index=='1' && nextSiblings == 'a'",
    "导演详情": "name == 'div' && class == 'module-info-item-content' && index=='0' && nextSiblings == 'a' ",
    "演员详情": "name == 'div' && class == 'module-info-item-content' && index=='1' && nextSiblings == 'a' ",
    "简介详情": "name == 'div' && class == 'show-desc' && text == true",
   
     
    "线路名称数组规则": "name == 'div' && class == 'module-tab-item tab-item' && attribute == 'data-dropdown-value'",
    "播放列表数组规则": "name == 'div' && class == 'module-play-list-content'",
    "选集列表数组规则": "name == 'a'",
    
    "选集标题链接是否Jsoup写法": "1",
    "选集标题": "name == 'a' && text == true",
    "选集链接": "name == 'a' && attribute == 'href'",
    "是否反转选集序列": "0",
    "选集链接加前缀": "https://zjys.vip",
    "选集链接加后缀": ""
  }
