 {
    "规则名": "八号影视",
    "请求头参数": "User-Agent$电脑",
    
    "是否开启获取首页数据": "1",
    "首页推荐链接": "https://www.bahaotv.com",
    "首页列表数组规则": "selector == '.card-box > .myui-vodbox-content'",
    "首页片单是否Jsoup写法": "1",
    "首页片单标题": "selector == '.info-title-box > .title'",
    "首页片单链接": "name == 'a' && attribute == 'href'",
    "首页片单图片": "name == 'img' && attribute == 'src'",
    "首页片单副标题": "name == 'div' && class == 'tag text-overflow'",
    "首页片单链接加前缀": "https://www.bahaotv.com",
    "首页片单链接加后缀": "",
    "首页片单图片加前缀": "",
    "首页片单图片加后缀": "",
        
    "分类起始页码": "1",
    "分类链接": "https://www.bahaotv.com/vodshow/{cateId}-{area}--{class}-{lang}----{catePg}---{year}.html",
    "分类名称": "电影#电视剧#动漫",
    "分类名称替换词": "movie#tvseries#anime",
    "筛选URL编码": "1",
    "筛选子分类名称": "",
    "筛选子分类替换词": "",
    "筛选类型名称": "全部#喜剧#爱情#恐怖#动作#科幻#剧情#战争#警匪#犯罪#动画#奇幻#武侠#冒险#枪战#恐怖#悬疑#惊悚#经典#青春#文艺#微电影#古装#历史#运动#农村#儿童#网络电影||全部#古装#战争#青春偶像#喜剧#家庭#犯罪#动作#奇幻#剧情#历史#经典#乡村#情景#商战#网剧||全部#情感#科幻#热血#推理#搞笑#冒险#萝莉#校园#动作#机战#运动#战争#少年#少女#社会#原创#亲子#益智#励志#其他",
    "筛选类型替换词": "#喜剧#爱情#恐怖#动作#科幻#剧情#战争#警匪#犯罪#动画#奇幻#武侠#冒险#枪战#恐怖#悬疑#惊悚#经典#青春#文艺#微电影#古装#历史#运动#农村#儿童#网络电影||#古装#战争#青春偶像#喜剧#家庭#犯罪#动作#奇幻#剧情#历史#经典#乡村#情景#商战#网剧||#情感#科幻#热血#推理#搞笑#冒险#萝莉#校园#动作#机战#运动#战争#少年#少女#社会#原创#亲子#益智#励志#其他",
    "筛选地区名称": "全部#大陆#香港#台湾#美国#法国#英国#日本#韩国#德国#泰国#印度#意大利#西班牙#加拿大#其他||全部#内地#韩国#香港#台湾#日本#美国#泰国#英国#新加坡#其他||全部#国产#日本#欧美#其他",
    "筛选地区替换词": "#大陆#香港#台湾#美国#法国#英国#日本#韩国#德国#泰国#印度#意大利#西班牙#加拿大#其他||#内地#韩国#香港#台湾#日本#美国#泰国#英国#新加坡#其他||#国产#日本#欧美#其他",
    "筛选年份名称": "全部#2025#2024#2023#2022#2021#2020#2019#2018#2017#2016#2015#2014#2013#2012#2011#2010",
    "筛选年份替换词": "#2025#2024#2023#2022#2021#2020#2019#2018#2017#2016#2015#2014#2013#2012#2011#2010",
    "筛选语言名称": "全部#国语#英语#粤语#闽南语#韩语#日语#法语#德语#其它",
    "筛选语言替换词": "#国语#英语#粤语#闽南语#韩语#日语#法语#德语#其它",
    "筛选排序名称": "时间#人气#评分",
    "筛选排序替换词": "#hits#score",
    
    "分类列表数组规则":"selector == '.movie-ul > .myui-vodbox-content'",
    "分类片单是否Jsoup写法": "1",
    "分类片单标题": "selector == '.info-title-box > .title'",
    "分类片单链接": "name == 'a' && attribute == 'href'",
    "分类片单图片": "name == 'img' && attribute == 'src'",
    "分类片单副标题": "name == 'div' && class == 'tag text-overflow'",
    "分类片单链接加前缀": "https://www.bahaotv.com",
    "分类片单链接加后缀": "",
    "分类片单图片加前缀": "",
    "分类片单图片加后缀": "",

    "搜索请求头参数": "User-Agent$电脑",
    "搜索链接": "https://www.bahaotv.com/vodsearch/-------------.html?wd={wd}",
    "POST请求数据": "",
    "搜索截取模式": "1",
    "搜索列表数组规则": "selector == '.movie-ul > .myui-vodbox-content'",
    "搜索片单是否Jsoup写法": "1",
    "搜索片单图片": "",
    "搜索片单标题": "",
    "搜索片单链接": "",
    "搜索片单副标题": "",
    "搜索片单链接加前缀": "https://www.bahaotv.com",
    "搜索片单链接加后缀": "",
    "搜索片单图片加前缀": "",
    "搜索片单图片加后缀": "",
    
    "详情是否Jsoup写法": "1",
    "年代详情": "",
    "地区详情": "name == 'div' && class == 'tags text-overflow'",
    "导演详情": "name == 'div' && class == 'director text-overflow'",
    "演员详情": "name == 'div' && class == 'director text-overflow' && index == 1",
    "简介详情": "name == 'div' && class == 'wrapper_more_text'",
    
    "线路名称数组规则": "name == 'a' && class == 'swiper-slide-text'",
    "播放列表数组规则": "name == 'div' && class == 'lists-box'",
    "选集列表数组规则": "name == 'a'",
    
    "选集标题链接是否Jsoup写法": "1",
    "选集标题": "name == 'a' && text == true",
    "选集链接": "name == 'a' && attribute == 'href'",
    "是否反转选集序列": "0",
    "选集链接加前缀": "https://www.bahaotv.com",
    "选集链接加后缀": ""
  }