   {
    "请求头参数": "User-Agent$电脑",
    "是否开启获取首页数据": "1",
    "首页推荐链接": "https://www.naifei1.org",
    "首页列表数组规则": "selector == '.module-items >.module-item'",
    "首页片单是否Jsoup写法": "1",
    "首页片单标题": "name == 'a'  && attribute == 'title'",
    "首页片单链接": "name == 'a'  && attribute == 'href'",
    "首页片单图片": "name == 'img'  && attribute == 'data-src'",
    "首页片单副标题": "name == 'div'  && class == 'module-item-text'",
    "首页片单链接加前缀": "",
    "首页片单链接加后缀": "",
    "首页片单图片加前缀": "",
    "首页片单图片加后缀": "",
 
    "分类起始页码": "1", 
    "分类链接": "https://www.naifei1.org/vodshow/area/{area}/by/{by}/class/{class}/id/{cateId}/lang/{lang}/page/{catePg}/year/{year}.html",
    "分类名称": "电影#剧集#综艺#动漫#纪录#短剧",
    "分类名称替换词": "dy#juji#zongyi#dongman#jilupian#dj",
    "筛选URL编码": "1",
    "筛选子分类名称": "全部#动作片#喜剧片#爱情片#犯罪片#恐怖片#科幻片#悬疑片#剧情片#动画片#战争片||全部#国产剧#香港剧#台湾剧#欧美剧#日本剧#韩国剧#东南亚#其他剧||全部#大陆综艺#港台综艺#日韩综艺#欧美综艺#其他综艺||全部#国产动漫#日韩动漫#欧美动漫#其他动漫||空||全部#女频恋爱#反转爽剧#脑洞悬疑#年代穿越#古装仙侠#现代都市",
    "筛选子分类替换词": "dy#dongzuopian#xijupian#aiqingpian#fanzuipian#kongbupian#kehuanpian#xuanyipian#juqingpian#donghuapian#zhanzhengpian||juji#guochanju#xianggangju#taiwanju#oumeiju#ribenju#hanguoju#dongnanya#qitaju||zongyi#daluzongyi#gangtaizongyi#rihanzongyi#oumeizongyi#qitazongyi||dongman#guochandongman#rihandongman#oumeidongman#qitadongman||空||dj#npla#fzsj#ndxy#ndcy#gzxx#xdds",
    "筛选类型名称": "全部#喜剧#爱情#恐怖#动作#科幻#剧情#战争#犯罪#动画#奇幻#武侠#冒险#枪战#恐怖#悬疑#惊悚#经典#青春#古装#其它||全部#爱情#古装#战争#青春#偶像#喜剧#家庭#犯罪#动作#奇幻#剧情#历史#经典#乡村#情景#商战#犯罪#其它||全部#选秀#情感#访谈#播报#旅游#音乐#美食#纪实#曲艺#生活#游戏#互动#财经#求职#其它||全部#科幻#热血#推理#搞笑#冒险#校园#动作#机战#运动#战争#少年#少女#社会#原创#亲子#益智#励志#其它||全部#人物#军事#历史#文化#探索#科技#自然#解密#其他||全部#爱情#女尊#古装#重生#穿越#逆袭#恋爱#悬疑#现代#古装",
    "筛选类型替换词": "#喜剧#爱情#恐怖#动作#科幻#剧情#战争#犯罪#动画#奇幻#武侠#冒险#枪战#恐怖#悬疑#惊悚#经典#青春#古装#其它||#爱情#古装#战争#青春#偶像#喜剧#家庭#犯罪#动作#奇幻#剧情#历史#经典#乡村#情景#商战#犯罪#其它||#选秀#情感#访谈#播报#旅游#音乐#美食#纪实#曲艺#生活#游戏#互动#财经#求职#其它||#科幻#热血#推理#搞笑#冒险#校园#动作#机战#运动#战争#少年#少女#社会#原创#亲子#益智#励志#其它||#人物#军事#历史#文化#探索#科技#自然#解密#其他||#爱情#女尊#古装#重生#穿越#逆袭#恋爱#悬疑#现代#古装",
    "筛选地区名称": "全部#中国#香港#台湾#美国#韩国#法国#英国#日本#德国#泰国#印度#意大利#西班牙#加拿大#其它||全部#中国#韩国#香港#台湾#日本#美国#泰国#英国#新加坡#其它||全部#中国#香港#台湾#日本#韩国#欧美#其它||全部#中国#韩国#日本#美国#法国#德国#其它||全部#内地#香港#台湾#美国#韩国#法国#英国#日本#德国#泰国#印度#意大利#西班牙#加拿大#其他||空",
    "筛选地区替换词": "#中国#香港#台湾#美国#韩国#法国#英国#日本#德国#泰国#印度#意大利#西班牙#加拿大#其它||#中国#韩国#香港#台湾#日本#美国#泰国#英国#新加坡#其它||#中国#香港#台湾#日本#韩国#欧美#其它||#中国#韩国#日本#美国#法国#德国#其它||#内地#香港#台湾#美国#韩国#法国#英国#日本#德国#泰国#印度#意大利#西班牙#加拿大#其他||空",
    "筛选年份名称": "全部#2025#2024#2023#2022#2021#2020#2019#2018#2017#2016#2015#2014#2013#2012#2011#2010#2009#2008",
    "筛选年份替换词": "#2025#2024#2023#2022#2021#2020#2019#2018#2017#2016#2015#2014#2013#2012#2011#2010#2009#2008",
    "筛选语言名称": "全部#普通话#英语#粤语#闽南语#韩语#日语#法语#德语#其它||全部#普通话#英语#粤语#闽南语#韩语#日语#其它||全部#普通话#英语#粤语#闽南语#韩语#日语#其它||全部#普通话#英语#粤语#闽南语#韩语#日语#其它||全部#普通话#英语#粤语#闽南语#韩语#日语#法语#德语#其它||空",
    "筛选语言替换词": "#普通话#英语#粤语#闽南语#韩语#日语#法语#德语#其它||#普通话#英语#粤语#闽南语#韩语#日语#其它||#普通话#英语#粤语#闽南语#韩语#日语#其它||#普通话#英语#粤语#闽南语#韩语#日语#其它||#普通话#英语#粤语#闽南语#韩语#日语#法语#德语#其它||空",
    "筛选排序名称": "时间#人气#评分",
    "筛选排序替换词": "#hits#score",
    
    "分类列表数组规则":"selector == '.module-items >.module-item'",
    "分类片单是否Jsoup写法": "1",
    "分类片单标题":  "name == 'a'  && attribute == 'title'",
    "分类片单链接":  "name == 'a'  && attribute == 'href'",
    "分类片单图片": "name == 'img'  && attribute == 'data-src'",
    "分类片单副标题":"name == 'div'  && class == 'module-item-text'",
    "分类片单链接加前缀": "",
    "分类片单链接加后缀": "",
    "分类片单图片加前缀": "",
    "分类片单图片加后缀": "",
    
    "搜索请求头参数":"User-Agent$电脑",
    "搜索链接":"https://www.naifei1.org/vodsearch.html?wd={wd}",
    "POST请求数据":"",
    "搜索截取模式":"1",
    "搜索片单是否Jsoup写法": "1",
    "搜索列表数组规则":"selector == '.module-search-item'",
    "搜索片单标题":"selector == '.video-info-header > h3'",
    "搜索片单链接":"",
    "搜索片单图片": "",
    "搜索片单副标题":"name == 'a'  && class == 'video-serial'",
    "搜索片单链接加前缀": "https://www.naifei1.org",
    "搜索片单链接加后缀": "",
    "搜索片单图片加前缀": "",
    "搜索片单图片加后缀": "",
    
    "详情是否Jsoup写法": "1",
    "年代详情": "",
    "地区详情": "",
    "导演详情": "",
    "演员详情": "name == 'div' && class == 'video-info-actor' && nextSiblings == 'a' ",
    "简介详情": "name == 'div' && class == 'video-info-content'",
   
     
    "线路名称数组规则": "name == 'div' && class == 'module-tab-item tab-item' && attribute == 'data-dropdown-value'",
    "播放列表数组规则": "selector ==' .module-blocklist.scroll-box.scroll-box-y > .scroll-content'",
    "选集列表数组规则": "name == 'a'",
    
    "选集标题链接是否Jsoup写法": "1",
    "选集标题": "name == 'a' && text == true",
    "选集链接": "name == 'a' && attribute == 'href'",
    "是否反转选集序列": "0",
    "选集链接加前缀": "https://www.naifei1.org",
    "选集链接加后缀": ""
  }