 {
    "规则名": "oule",
    "请求头参数": "User-Agent$电脑",
    
    "是否开启获取首页数据": "0",
    "首页推荐链接": "https://www.olenew.com",
    "首页列表数组规则": "name == 'li'  && class == 'vodlist_item num_1'",
    "首页片单是否Jsoup写法": "1",
    "首页片单标题": "name == 'a'  && attribute == 'title'",
    "首页片单链接": "name == 'a'  && attribute == 'href'",
    "首页片单图片": "name == 'a'  && attribute == 'data-original'",
    "首页片单副标题": "name == 'span'  && class == 'pic_text text_right'",
    "首页片单链接加前缀": "https://www.olehdtv.com",
    "首页片单链接加后缀": "",
    "首页片单图片加前缀": "",
    "首页片单图片加后缀": "",
   
    
    "分类起始页码": "1",
    "分类链接": "https://www.olenew.com/show/{cateId}-{area}-{by}---{lang}---{catePg}---{year}.html",
    "分类名称": "电影#电视剧#综艺#动漫",
    "分类名称替换词": "1#2#3#4",
    "筛选URL编码": "1",
    "筛选子分类名称": "全部#动作#喜剧#爱情#剧情#冒险#悬疑#惊悚#犯罪#恐怖#科幻#灾难#奇幻#战争#动画#歌舞#记录||全部#国产剧#港台剧#欧美剧#日韩剧#其它海外剧||全部#大陆综艺#港台综艺#日韩综艺#欧美综艺#其它海外综艺||全部#国产动漫#日韩动漫#欧美动漫#其它海外动漫",
    "筛选子分类替换词": "1#6#7#8#9#10#11#12#38#20#21#39#22#23#25#40#24||2#13#42#27#43#28||3#29#30#31#32#33||4#34#35#36#37",
    "筛选类型名称": "",
    "筛选类型替换词": "",
    "筛选地区名称": "全部#大陆#香港#台湾#欧美#日本#韩国#泰国#其它||全部#大陆#韩国#香港#台湾#日本#欧美#泰国#其它||空||空",
    "筛选地区替换词": "#大陆#香港#台湾#欧美#日本#韩国#泰国#其它||#大陆#韩国#香港#台湾#日本#欧美#泰国#其它||空||空",
    "筛选年份名称": "全部#2025#2024#2023#2022#2021#2020#2019#2018#2017#2016#2015#2014#2013#2012#2011#2010#2009#2008#2007#2006#2005#2004#2003#2002#2001#2000",
    "筛选年份替换词": "#2025#2024#2023#2022#2021#2020#2019#2018#2017#2016#2015#2014#2013#2012#2011#2010#2009#2008#2007#2006#2005#2004#2003#2002#2001#2000",
    "筛选语言名称": "全部#A#B#C#D#E#F#G#H#I#J#K#L#M#N#O#P#Q#R#S#T#U#V#W#X#Y#Z#0-9",
    "筛选语言替换词": "#A#B#C#D#E#F#G#H#I#J#K#L#M#N#O#P#Q#R#S#T#U#V#W#X#Y#Z#0-9",
    "筛选排序名称": "时间#人气#评分",
    "筛选排序替换词": "#hits#score",
    
    "分类列表数组规则": "name == 'li'  && class == 'hl-list-item'",
    "分类片单是否Jsoup写法": "1",
    "分类片单标题":  "name == 'a'  && attribute == 'title'",
    "分类片单链接":  "name == 'a'  && attribute == 'href'",
    "分类片单图片": "name == 'a'  &&  attribute == 'data-original'",
    "分类片单副标题":"name == 'div'  && class == 'hl-pic-text'",
    "分类片单链接加前缀": "https://www.olenew.com",
    "分类片单链接加后缀": "",
    "分类片单图片加前缀": "",
    "分类片单图片加后缀": "",
   
    "搜索请求头参数": "User-Agent$电脑",  
    "搜索链接": "https://www.olenew.com/search/-------------.html?wd={wd}&submit=",
    "POST请求数据": "",
    "搜索截取模式": "1",
    "搜索列表数组规则": "",
    "搜索片单是否Jsoup写法": "1",
    "搜索片单图片": "",
    "搜索片单标题": "",
    "搜索片单链接": "",
    "搜索片单副标题": "",
    "搜索片单链接加前缀": "https://www.olenew.com",
    "搜索片单链接加后缀": "",
    "搜索片单图片加前缀": "",
    "搜索片单图片加后缀": "",
    
    "详情是否Jsoup写法": "0",
    "年代详情": "年份：</em>&&</li>",
    "地区详情": "地区：</em>&&</li>",
    "导演详情": "导演：</em>&&</li>",
    "演员详情": "主演：</em>&&</li>",
    "简介详情": "简介：</em>&&</li>",
    
     
    "线路名称数组规则": "name == 'a' && class == 'hl-tabs-btn'",
    "播放列表数组规则": "name == 'ul' && class == 'hl-plays-list'",
    "选集列表数组规则": "name == 'li'",
    
    "选集标题链接是否Jsoup写法": "1",
    "选集标题": "name == 'a' && text == true",
    "选集链接": "name == 'a' && attribute == 'href'",
    "是否反转选集序列": "0",
    "选集链接加前缀": "https://www.olenew.com",
    "选集链接加后缀": ""
  }