{
    "规则名": "爱你短剧",
    "请求头参数": "User-Agent$电脑",
    
    "是否开启获取首页数据": "1",
    "首页推荐链接": "https://ainidj.com",
    "首页列表数组规则": "selector == 'div.module-item'",
    "首页片单是否Jsoup写法": "1",
    "首页片单标题": "name == 'a'  && attribute == 'title'",
    "首页片单链接": "name == 'a'  && attribute == 'href'",
    "首页片单图片": "name == 'img'  && attribute == 'data-src'",
    "首页片单副标题": "name == 'div'  && class == 'module-item-text'",
    "首页片单链接加前缀": "https://ainidj.com",
    "首页片单链接加后缀": "",
    "首页片单图片加前缀": "",
    "首页片单图片加后缀": "",
    "分类起始页码": "",
    "分类链接": "https://ainidj.com/vodshwo/{cateId}--{by}---{lang}---{catePg}---.html",
    "分类名称": "穿越#战神#重生#爱情#萌娃#神医#古代#玄幻#言情",
    "分类名称替换词": "fenle#fenlei2#fenlei3#fenlei4#guda#shenyi#gudai#xuanhuan#yanqing",
    "筛选URL编码": "1",
    "筛选子分类名称": "",
    "筛选子分类替换词": "",
    "筛选类型名称": "",
    "筛选类型替换词": "",
    "筛选地区名称": "",
    "筛选地区替换词": "",
    "筛选年份名称": "",
    "筛选年份替换词": "",
    "筛选语言名称": "全部#A#B#C#D#E#F#G#H#I#J#K#L#M#N#O#P#Q#R#S#T#U#V#W#X#Y#Z",
    "筛选语言替换词": "#A#B#C#D#E#F#G#H#I#J#K#L#M#N#O#P#Q#R#S#T#U#V#W#X#Y#Z",
    "筛选排序名称": "最新#最热#评分",
    "筛选排序替换词": "#hits#score",
    
    "分类列表数组规则": "selector == 'div.module-item'",
    "分类片单是否Jsoup写法": "1",
    "分类片单标题":  "name == 'a'  && attribute == 'title'",
    "分类片单链接":  "name == 'a'  && attribute == 'href'",
    "分类片单图片": "name == 'img'  && attribute == 'data-src'",
    "分类片单副标题":"name == 'div'  && class == 'module-item-text'",
    "分类片单链接加前缀": "https://ainidj.com",
    "分类片单链接加后缀": "",
    "分类片单图片加前缀": "",
    "分类片单图片加后缀": "",
    
    "搜索请求头参数": "User-Agent$电脑",
    "搜索链接": "https://ainidj.com/vodsearch/-------------.html?wd={wd}",
    "POST请求数据": "",
    "搜索截取模式": "1",
    "搜索列表数组规则": "name == 'div' && class == 'module-search-item'",
    "搜索片单是否Jsoup写法": "1",
    "搜索片单图片": "",
    "搜索片单标题": "name == 'a' && class == 'video-serial' && attribute == 'title'",
    "搜索片单链接": "",
    "搜索片单副标题":  "name == 'a' && class == 'video-serial'",
    "搜索片单链接加前缀": "https://ainidj.com",
    "搜索片单链接加后缀": "",
    "搜索片单图片加前缀": "",
    "搜索片单图片加后缀": "",
    
    "详情是否Jsoup写法": "1",
    "年代详情": "",
    "地区详情": "",
    "导演详情": "",
    "演员详情": "",
    "简介详情": "name == 'div' && class == 'video-info-item video-info-content'",
    
     
    "线路名称数组规则": "selector == 'div.module-tab-item.tab-item > span'",
    "播放列表数组规则": "name == 'div' && class == 'module-blocklist scroll-box scroll-box-y'",
    "选集列表数组规则": "name == 'a'",
    
    "选集标题链接是否Jsoup写法": "1",
    "选集标题": "name == 'a' && text == true",
    "选集链接": "name == 'a' && attribute == 'href'",
    "是否反转选集序列": "0",
    "选集链接加前缀": "https://ainidj.com",
    "选集链接加后缀": ""
  }