{
    "规则名": "皮皮虾",
    "请求头参数": "User-Agent$电脑",
    
    "是否开启获取首页数据": "1",
    "首页推荐链接": "http://www.ppxys.vip",
    "首页列表数组规则": "name == 'a'  && class == 'module-poster-item module-item'",
    "首页片单是否Jsoup写法": "1",
    "首页片单标题": "name == 'a'  && attribute == 'title'",
    "首页片单链接": "name == 'a'  && attribute == 'href'",
    "首页片单图片": "name == 'img'  && attribute == 'data-original'",
    "首页片单副标题": "name == 'div'  && class == 'module-item-note'",
    "首页片单链接加前缀": "http://www.ppxys.vip",
    "首页片单链接加后缀": "",
    "首页片单图片加前缀": "",
    "首页片单图片加后缀": "",
    
    
   "分类起始页码": "",
    "分类链接": "http://www.ppxys.vip/s/{cateId}/area/{area}/by/{by}/page/{catePg}/class/{class}/year/{year}.html",
    "分类名称": "剧集#电影#动漫",
    "分类名称替换词": "1#2#3",
    "筛选URL编码": "1",
    "筛选子分类名称": "",
    "筛选子分类替换词": "",
    "筛选类型名称": "全部#剧情#动作#科幻#犯罪#惊悚#喜剧#爱情#古装#战争#家庭#奇幻#历史#经典||全部#动作#喜剧#爱情#科幻#恐怖#战争#剧情#警匪#犯罪#动画#奇幻#武侠#冒险#悬疑#惊悚#青春#文艺#古装#经典||全部#科幻#热血#推理#搞笑#冒险#萝莉#校园#动作#机战#运动#战争#少年#少女#社会#原创#亲子#益智#励志#其他",
    "筛选类型替换词": "#剧情#动作#科幻#犯罪#惊悚#喜剧#爱情#古装#战争#家庭#奇幻#历史#经典||#动作#喜剧#爱情#科幻#恐怖#战争#剧情#警匪#犯罪#动画#奇幻#武侠#冒险#悬疑#惊悚#青春#文艺#古装#经典||#科幻#热血#推理#搞笑#冒险#萝莉#校园#动作#机战#运动#战争#少年#少女#社会#原创#亲子#益智#励志#其他",
    "筛选地区名称": "全部#大陆#韩国#香港#日本#美国#泰国#英国||全部#中国#美国#香港#法国#韩国#日本#英国#德国||全部#大陆#日本#欧美#其他",
    "筛选地区替换词": "#大陆#韩国#香港#日本#美国#泰国#英国||#中国#美国#香港#法国#韩国#日本#英国#德国||#大陆#日本#欧美#其他",
    "筛选年份名称": "全部#2024#2023#2022#2021#2020#2019#2018#2017#2016#2015#2014#2013#2012#2011#2010#2009#2008#2007#2006#2005#2004",
    "筛选年份替换词": "#2024#2023#2022#2021#2020#2019#2018#2017#2016#2015#2014#2013#2012#2011#2010#2009#2008#2007#2006#2005#2004",
    "筛选语言名称": "",
    "筛选语言替换词": "",
    "筛选排序名称": "最新#最热#评分",
    "筛选排序替换词": "#hits#score",
    
    "分类列表数组规则": "name == 'a'  && class == 'module-poster-item module-item'",
    "分类片单是否Jsoup写法": "1",
    "分类片单标题":  "name == 'a'  && attribute == 'title'",
    "分类片单链接":  "name == 'a'  && attribute == 'href'",
    "分类片单图片": "name == 'img'  && attribute == 'data-original'",
    "分类片单副标题":"name == 'div'  && class == 'module-item-note'",
    "分类片单链接加前缀": "http://www.ppxys.vip",
    "分类片单链接加后缀": "",
    "分类片单图片加前缀": "",
    "分类片单图片加后缀": "",
    
    "搜索请求头参数": "User-Agent$电脑",
    "搜索链接": "http://www.ppxys.vip/vodsearch.html?wd={wd}",
    "POST请求数据": "",
    "搜索截取模式": "1",
    "搜索列表数组规则": "name == 'div' && class == 'module-card-item module-item'",
    "搜索片单是否Jsoup写法": "0",
    "搜索片单图片": "data-original=\"&&\"",
    "搜索片单标题": "alt=\"&&\"",
    "搜索片单链接": "<a href=\"/v/&&.html",
    "搜索片单副标题":  "<div class=\"module-item-note\">&&</div>",
    "搜索片单链接加前缀": "http://www.ppxys.vip/p/",
    "搜索片单链接加后缀": "-1-1.html",
    "搜索片单图片加前缀": "",
    "搜索片单图片加后缀": "",
    
    "详情是否Jsoup写法": "0",
    "年代详情": "",
    "地区详情": "",
    "导演详情": "",
    "演员详情": "",
    "简介详情": "",
    
     
    "线路名称数组规则": "name == 'span' && class == 'module-tab-value'",
    "播放列表数组规则": "name == 'div' && class == 'module-play-list-content'",
    "选集列表数组规则": "name == 'a'",
    
    "选集标题链接是否Jsoup写法": "1",
    "选集标题": "name == 'a' && text == true",
    "选集链接": "name == 'a' && attribute == 'href'",
    "是否反转选集序列": "0",
    "选集链接加前缀": "http://www.ppxys.vip",
    "选集链接加后缀": ""
  }