   {
    "请求头参数": "User-Agent$电脑",
    "是否开启获取首页数据": "1",
    "首页推荐链接": "http://www.kan8.tv",
    "首页列表数组规则": "name == 'li'  && class == 'col-md-6 col-sm-4 col-xs-3'",
    "首页片单是否Jsoup写法": "1",
    "首页片单标题": "selector == 'h4 > a'",
    "首页片单链接": "name == 'a'  && class == 'stui-vodlist__thumb' && attribute == 'href'",
    "首页片单图片": "name == 'a' && attribute == 'data-original'",
    "首页片单副标题": "name == 'span' && class == 'pic-text text-right'",
    "首页片单链接加前缀": "http://www.kan8.tv",
    "首页片单链接加后缀": "",
    "首页片单图片加前缀": "",
    "首页片单图片加后缀": "",
    
    
    "分类起始页码": "1", 
    "分类链接": "http://www.kan8.tv/films/{cateId}_{catePg}.html",
    "分类名称": "电影#电视剧#动漫#综艺",
    "分类名称替换词": "1#2#3#4",
    "筛选URL编码": "1",
    "筛选子分类名称": "",
    "筛选子分类替换词": "",
    "筛选类型名称": "",
    "筛选类型替换词": "",
    "筛选地区名称": "",
    "筛选地区替换词": "",
    "筛选年份名称": "",
    "筛选年份替换词": "",
    "筛选语言名称": "",
    "筛选语言替换词": "",
    "筛选排序名称": "",
    "筛选排序替换词": "",
    "分类列表数组规则":"name == 'li' && class == 'col-md-7 col-sm-4 col-xs-3'",
    "分类片单是否Jsoup写法": "1",
    "分类片单标题":  "selector == 'h4 > a'",
    "分类片单链接": "name == 'a'  && class == 'stui-vodlist__thumb' && attribute == 'href'",
    "分类片单图片": "name == 'a' && attribute == 'data-original'",
    "分类片单副标题":"name == 'span' && class == 'pic-text text-right'",
    "分类片单链接加前缀": "http://www.kan8.tv",
    "分类片单链接加后缀": "",
    "分类片单图片加前缀": "",
    "分类片单图片加后缀": "",
    
    "搜索请求头参数":"User-Agent$电脑",
    "搜索链接":"http://www.kan8.tv/search.php",
    "POST请求数据":"searchword={wd}",
    "搜索截取模式":"1",
    "搜索片单是否Jsoup写法": "1",
    "搜索列表数组规则":"name == 'li' && class == 'active'",
    "搜索片单标题":"selector == 'h3 > a'",
    "搜索片单链接":"name == 'a'  && class == 'v-thumb' && attribute == 'href'",
    "搜索片单图片": "name == 'a'  && attribute == 'data-original'",
    "搜索片单副标题":"name == 'span' && class == 'pic-text text-right'",
    "搜索片单链接加前缀": "http://www.kan8.tv",
    "搜索片单链接加后缀": "",
    "搜索片单图片加前缀": "",
    "搜索片单图片加后缀": "",
    
    "详情是否Jsoup写法": "1",
    "年代详情": "name == 'span' && class == 'text-muted' && string=='年份：' && nextSiblings == 'a' ",
    "地区详情": "",
    "导演详情": "name == 'span' && class == 'text-muted' && string=='导演：' && nextSiblings == 'a' ",
    "演员详情": "name == 'span' && class == 'text-muted' && string=='主演：' && nextSiblings == 'a' ",
    "简介详情": "name == 'p' && class == 'desc hidden-xs'",
   
     
    "线路名称数组规则": "selector == 'ul.nav.nav-tabs.active > li'",
    "播放列表数组规则": "name == 'ul' && class == 'stui-content__playlist'",
    "选集列表数组规则": "name == 'a'",
    
    "选集标题链接是否Jsoup写法": "1",
    "选集标题": "name == 'a' && text == true",
    "选集链接": "name == 'a' && attribute == 'href'",
    "是否反转选集序列": "0",
    "选集链接加前缀": "http://www.kan8.tv",
    "选集链接加后缀": ""
  }