 {
    "规则名": "网飞猫",
    "请求头参数": "User-Agent$电脑",
    
    "是否开启获取首页数据": "1",
    "首页推荐链接": "https://www.ncat21.com",
    "首页列表数组规则": "selector == 'div.module-box-inner > div.module-item '",
    "首页片单是否Jsoup写法": "1",
    "首页片单标题": "name == 'img'  && attribute == 'title'",
    "首页片单链接": "name == 'a'  && attribute == 'href'",
    "首页片单图片": "name == 'img'  && attribute == 'data-original'",
    "首页片单副标题":"name == 'div'  && class == 'v-item-bottom'",
    "首页片单链接加前缀": "https://www.ncat21.com",
    "首页片单链接加后缀": "",
    "首页片单图片加前缀": "https://images.weserv.nl/?url=https://vres.bqlpk.cn",
    "首页片单图片加后缀": "",
    "分类起始页码": "",
    "分类链接": "https://www.ncat21.com/show/{cateId}-{class}-{area}-{lang}-{year}-{by}-{catePg}.html",
    "分类名称": "电影#连续剧#动漫#综艺纪录#短剧",
    "分类名称替换词": "1#2#3#4#6",
    "筛选URL编码": "1",
    "筛选子分类名称": "",
    "筛选子分类替换词": "",
    "筛选类型名称": "全部#剧情#喜剧#动作#爱情#恐怖#惊悚#犯罪#科幻#悬疑#奇幻#冒险#战争#历史#古装#家庭#传记#武侠#歌舞#短片#动画#儿童#职场||全部#剧情#爱情#喜剧#犯罪#悬疑#古装#动作#家庭#惊悚#奇幻#美剧#科幻#历史#战争#韩剧#武侠#言情#恐怖#冒险#都市#职场||全部#动态漫画#剧情#动画#喜剧#冒险#动作#奇幻#科幻#儿童#搞笑#爱情#家庭#短片#热血#益智#悬疑#经典#校园#Anime#运动#亲子#青春#恋爱#武侠#惊悚||全部#纪录#真人秀#记录#脱口秀#剧情#历史#喜剧#传记#相声#节目#歌舞#冒险#运动#Season#犯罪#短片#搞笑#晚会||全部#逆袭#甜宠#虐恋#穿越#重生#剧情#科幻#武侠#爱情#动作#战争#冒险#其它",
    "筛选类型替换词": "#剧情#喜剧#动作#爱情#恐怖#惊悚#犯罪#科幻#悬疑#奇幻#冒险#战争#历史#古装#家庭#传记#武侠#歌舞#短片#动画#儿童#职场||#剧情#爱情#喜剧#犯罪#悬疑#古装#动作#家庭#惊悚#奇幻#美剧#科幻#历史#战争#韩剧#武侠#言情#恐怖#冒险#都市#职场||#动态漫画#剧情#动画#喜剧#冒险#动作#奇幻#科幻#儿童#搞笑#爱情#家庭#短片#热血#益智#悬疑#经典#校园#Anime#运动#亲子#青春#恋爱#武侠#惊悚||#纪录#真人秀#记录#脱口秀#剧情#历史#喜剧#传记#相声#节目#歌舞#冒险#运动#Season#犯罪#短片#搞笑#晚会||#逆袭#甜宠#虐恋#穿越#重生#剧情#科幻#武侠#爱情#动作#战争#冒险#其它",
    "筛选地区名称": "全部#大陆#香港#韩国#美国#日本#法国#英国#德国#台湾#泰国#印度#其他",
    "筛选地区替换词": "#大陆#香港#韩国#美国#日本#法国#英国#德国#台湾#泰国#印度#其他",
    "筛选年份名称": "全部#2025#2024#2023#2022#2021#2020#10年代#00年代#90年代#80年代#更早",
    "筛选年份替换词": "#2025#2024#2023#2022#2021#2020#2010_2019#2000_2009#1990_1999#1980_1989#0_1979",
    "筛选语言名称": "全部#国语#粤语#英语#日语#韩语#法语#其他",
    "筛选语言替换词": "#国语#粤语#英语#日语#韩语#法语#其他",
    "筛选排序名称": "最热#最新#综合#评分",
    "筛选排序替换词": "#2#1#4",
    
    "分类列表数组规则":"selector == 'div.module-item > a'",
    "分类片单是否Jsoup写法": "1",
    "分类片单标题":  "name == 'img'  && attribute == 'title'",
    "分类片单链接":  "name == 'a'  && attribute == 'href'",
    "分类片单图片": "name == 'img'  && attribute == 'data-original'",
    "分类片单副标题":"name == 'div'  && class == 'v-item-bottom'",
    "分类片单链接加前缀": "https://www.ncat21.com",
    "分类片单链接加后缀": "",
    "分类片单图片加前缀": "https://images.weserv.nl/?url=https://vres.bqlpk.cn",
    "分类片单图片加后缀": "",
    
    "搜索请求头参数": "User-Agent$电脑",
    "搜索链接": "https://www.ncat21.com/search?os=pc&k={wd}",
    "POST请求数据": "",
    "搜索截取模式": "1",
    "搜索列表数组规则": "name == 'a' && class == 'search-result-item'",
    "搜索片单是否Jsoup写法": "1",
    "搜索片单图片": "name == 'img' && attribute == 'data-original' &&index==1",
    "搜索片单标题": "name == 'img' && attribute == 'title' &&index==1",
    "搜索片单链接": "name == 'a' && attribute == 'href'",
    "搜索片单副标题":  "name == 'div' && class == 'search-result-item-header'",
    "搜索片单链接加前缀": "https://www.ncat21.com",
    "搜索片单链接加后缀": "",
    "搜索片单图片加前缀": "https://images.weserv.nl/?url=https://vres.bqlpk.cn",
    "搜索片单图片加后缀": "",
    
    "详情是否Jsoup写法": "0",
    "年代详情": "",
    "地区详情": "",
    "导演详情": "导演:</div>&&</div>",
    "演员详情": "演员:</div>&&</div>",
    "简介详情": "<div class=\"detail-desc\">&&</div>",
    
     
    "线路名称数组规则": "name == 'span' && class == 'source-item-label'",
    "播放列表数组规则": "name == 'div' && class == 'episode-list'",
    "选集列表数组规则": "name == 'a'",
    
    "选集标题链接是否Jsoup写法": "1",
    "选集标题": "name == 'a' && text == true",
    "选集链接": "name == 'a' && attribute == 'href'",
    "是否反转选集序列": "0",
    "选集链接加前缀": "https://www.ncat21.com",
    "选集链接加后缀": ""
  }