{
  "规则名": "美益达",
  "请求头参数": "User-Agent$电脑",
  "是否开启获取首页数据": "0",
  "首页推荐链接": "https://www.mydys2.com",
  "首页列表数组规则": "name == 'a'  && class == 'module-poster-item module-item'",
  "首页片单是否Jsoup写法": "1",
  "首页片单标题": "name == 'a'  && attribute == 'title'",
  "首页片单链接": "name == 'a'  && attribute == 'href'",
  "首页片单图片": "name == 'img' && attribute == 'data-original'",
  "首页片单副标题": "name == 'div' && calss == 'module-item-note'",
  "首页片单链接加前缀": "https://www.mydys2.com",
  "首页片单链接加后缀": "",
  "首页片单图片加前缀": "",
  "首页片单图片加后缀": "",

  "分类起始页码": "1",
  "分类链接": "https://www.mydys2.com/vodshow/{cateId}-{area}-{by}-{class}--{letter}---{catePg}---{year}.html",
  "分类名称": "电影#电视剧#综艺#动漫#短剧",
  "分类名称替换词": "1#2#3#4#5",
  "筛选URL编码": "0",
  "筛选子分类名称": "",
  "筛选子分类替换词": "",
  "筛选类型名称": "全部#动作#喜剧#爱情#科幻#恐怖#剧情#战争#家庭#奇幻#魔幻#冒险#歌舞#院线#悬疑#惊悚#犯罪#警匪#枪战#网络电影#古装#灾难#传记#华语#纪实#青春#历史||全部#国产#香港#台湾#韩国#日本#泰国#海外#欧美#家庭#悬疑#犯罪#惊悚#爱情#剧情#青春#古装#奇幻#都市#情感#言情#玄幻#芒果出品#校园#励志#农村||全部#大陆综艺#港台综艺#日韩综艺#欧美综艺#真人秀#相声#脱口秀#喜剧#搞笑#访谈#情感#文化#明星#旅游#教育#亲子#美食#游戏#养成#音乐#生活#竞演#晚会||全部#国产动漫#港台动漫#日韩动漫#欧美动漫#热血#冒险#玄幻#武侠#动漫#动作#动画#奇幻#古装#搞笑#励志#青春#校园#恋爱#漫画改编#TV版#治愈#职场#日常#益智#合家欢||全部#短剧#甜宠#逆袭#虐恋#穿越#重生#都市#现代言情#古装#古代言情#战神#神医#神豪#超能#萌宝#复仇#脑洞#赘婿#玄幻#热血#其他",
  "筛选类型替换词": "#动作#喜剧#爱情#科幻#恐怖#剧情#战争#家庭#奇幻#魔幻#冒险#歌舞#院线#悬疑#惊悚#犯罪#警匪#枪战#网络电影#古装#灾难#传记#华语#纪实#青春#历史||#国产#香港#台湾#韩国#日本#泰国#海外#欧美#家庭#悬疑#犯罪#惊悚#爱情#剧情#青春#古装#奇幻#都市#情感#言情#玄幻#芒果出品#校园#励志#农村||#大陆综艺#港台综艺#日韩综艺#欧美综艺#真人秀#相声#脱口秀#喜剧#搞笑#访谈#情感#文化#明星#旅游#教育#亲子#美食#游戏#养成#音乐#生活#竞演#晚会||#国产动漫#港台动漫#日韩动漫#欧美动漫#热血#冒险#玄幻#武侠#动漫#动作#动画#奇幻#古装#搞笑#励志#青春#校园#恋爱#漫画改编#TV版#治愈#职场#日常#益智#合家欢||#短剧#甜宠#逆袭#虐恋#穿越#重生#都市#现代言情#古装#古代言情#战神#神医#神豪#超能#萌宝#复仇#脑洞#赘婿#玄幻#热血#其他",
  "筛选地区名称": "全部#大陆#香港#台湾#美国#法国#英国#日本#韩国#德国#泰国#印度#意大利#西班牙#加拿大#其他||全部#大陆#韩国#香港#台湾#日本#美国#泰国#英国#新加坡||全部#大陆#香港#台湾#韩国#美国||全部#大陆#日本#美国||空",
  "筛选地区替换词": "#大陆#香港#台湾#美国#法国#英国#日本#韩国#德国#泰国#印度#意大利#西班牙#加拿大#其他||#大陆#韩国#香港#台湾#日本#美国#泰国#英国#新加坡||#大陆#香港#台湾#韩国#美国||#大陆#日本#美国||空",
  "筛选年份名称": "全部#2025#2024#2023#2022#2021#2020#2019#2018#2017#2016#2015#2014#2013#2012#2011#2010",
  "筛选年份替换词": "#2025#2024#2023#2022#2021#2020#2019#2018#2017#2016#2015#2014#2013#2012#2011#2010",
  "筛选语言名称": "",
  "筛选语言替换词": "",
  "筛选字母名称": "全部#A#B#C#D#E#F#G#H#I#J#K#L#M#N#O#P#Q#R#S#T#U#V#W#X#Y#Z",
  "筛选字母替换词": "#A#B#C#D#E#F#G#H#I#J#K#L#M#N#O#P#Q#R#S#T#U#V#W#X#Y#Z",
  "筛选排序名称": "时间#人气#评分",
  "筛选排序替换词": "#hits#score",

  "分类列表数组规则": "",
  "分类片单是否Jsoup写法": "1",
  "分类片单标题": "",
  "分类片单链接": "",
  "分类片单图片": "",
  "分类片单副标题": "",
  "分类片单链接加前缀": "https://www.mydys2.com",
  "分类片单链接加后缀": "",
  "分类片单图片加前缀": "",
  "分类片单图片加后缀": "",

  "搜索请求头参数": "User-Agent$电脑",
  "搜索链接": "https://www.mydys2.com/vodsearch/-------------.html?wd={wd}",
  "POST请求数据": "",
  "搜索截取模式": "1",
  "搜索列表数组规则": "name == 'div' && class == 'module-card-item module-item'",
  "搜索片单是否Jsoup写法": "1",
  "搜索片单图片": "name == 'img' && attribute == 'data-original'",
  "搜索片单标题": "name == 'img' && attribute == 'alt'",
  "搜索片单链接": "",
  "搜索片单副标题": "name == 'div' && class == 'module-item-note'",
  "搜索片单链接加前缀": "https://www.mydys2.com",
  "搜索片单链接加后缀": "",
  "搜索片单图片加前缀": "",
  "搜索片单图片加后缀": "",

  "详情是否Jsoup写法": "1",
  "年代详情": "",
  "地区详情": "",
  "导演详情": "",
  "演员详情": "",
  "简介详情": "name == 'div' && class == 'module-info-introduction-content'",
  "线路名称数组规则": "name == 'div' && class == 'module-tab-item tab-item' && attribute == 'data-dropdown-value'",
  "播放列表数组规则": "name == 'div' && class == 'module-list sort-list'",
  "选集列表数组规则": "name == 'a'",
  "选集标题链接是否Jsoup写法": "1",
  "选集标题": "name == 'a' && text == true",
  "选集链接": "name == 'a' && attribute == 'href'",
  "是否反转选集序列": "0",
  "选集链接加前缀": "https://www.mydys2.com",
  "选集链接加后缀": ""
}